{"barrel_panel@chest.small_chest_panel":{},"barrel_screen@chest.small_chest_screen":{"$close_on_player_hurt":true,"variables":[{"$screen_bg_content":"common.screen_background","$screen_content":"chest.barrel_panel","requires":"$desktop_screen"},{"$screen_content":"pocket_containers.barrel_panel","requires":"$pocket_screen"}]},"chest_auction":{"$atext":"$container_title","alpha":1,"fill":false,"layer":12,"offset":[0,-3],"size":[176,226],"texture":"textures/gui_custom/chest_auction.png","type":"image","visible":"($atext = 'gui.chest_auction')"},"chest_costumes":{"$atext":"$container_title","alpha":1,"fill":false,"layer":12,"offset":[0,-3],"size":[176,226],"texture":"textures/gui_custom/chest_costumes.png","type":"image","visible":"($atext = 'gui.chest_costumes')"},"chest_craft":{"$atext":"$container_title","alpha":1,"fill":false,"layer":12,"offset":[0,-3],"size":[176,226],"texture":"textures/gui_custom/chest_craft.png","type":"image","visible":"($atext = 'gui.chest_craft')"},"chest_custom":{"$atext":"$container_title","alpha":1,"fill":false,"layer":12,"offset":[0,-3],"size":[176,226],"texture":"textures/gui_custom/chest_custom.png","type":"image","visible":"($atext = 'gui.chest_custom')"},"chest_grid_item@common.container_item":{"$item_collection_name":"container_items"},"chest_label":{"anchor_from":"top_left","anchor_to":"top_left","color":"$title_text_color","layer":2,"offset":[7,-1],"size":["90%","default"],"text":"$container_title","type":"label"},"chest_seller":{"$atext":"$container_title","alpha":1,"fill":false,"layer":12,"offset":[0,-3],"size":[176,226],"texture":"textures/gui_custom/chest_seller.png","type":"image","visible":"($atext = 'gui.chest_seller')"},"custom_enchant":{"$atext":"$container_title","alpha":1,"fill":false,"layer":12,"offset":[0,0],"size":[176,166],"texture":"textures/gui_custom/custom_enchant.png","type":"image","visible":"($atext = 'gui.custom_enchant')"},"ender_chest_panel@chest.small_chest_panel":{},"ender_chest_screen@common.inventory_screen_common":{"$close_on_player_hurt|default":true,"close_on_player_hurt":"$close_on_player_hurt","variables":[{"$screen_bg_content":"common.screen_background","$screen_content":"chest.ender_chest_panel","requires":"$desktop_screen"},{"$screen_content":"pocket_containers.ender_chest_panel","requires":"$pocket_screen"}]},"large_chest_grid":{"anchor_from":"top_left","anchor_to":"top_left","collection_name":"container_items","grid_dimensions":[9,6],"grid_item_template":"chest.chest_grid_item","size":[162,108],"type":"grid"},"large_chest_panel":{"controls":[{"container_gamepad_helpers@common.container_gamepad_helpers":{}},{"flying_item_renderer@common.flying_item_renderer":{"layer":11}},{"selected_item_details_factory@common.selected_item_details_factory":{"control_name":"@chest.selected_item_details"}},{"item_lock_notification_factory@common.item_lock_notification_factory":{"control_name":"@common.item_lock_notification"}},{"trade_menu@trade_menu":{}},{"trade_wallet@trade_wallet":{}},{"chest_seller@chest_seller":{}},{"chest_auction@chest_auction":{}},{"chest_craft@chest_craft":{}},{"chest_costumes@chest_costumes":{}},{"chest_custom@chest_custom":{}},{"root_panel@common.root_panel":{"controls":[{"common_panel@common.common_panel":{}},{"chest_panel":{"controls":[{"large_chest_panel_top_half@chest.large_chest_panel_top_half":{}},{"inventory_panel_bottom_half_with_label@common.inventory_panel_bottom_half_with_label":{}},{"hotbar_grid@common.hotbar_grid_template":{}},{"inventory_take_progress_icon_button@common.inventory_take_progress_icon_button":{}}],"layer":5,"type":"panel"}},{"inventory_selected_icon_button@common.inventory_selected_icon_button":{}},{"gamepad_cursor@common.gamepad_cursor_button":{}}],"layer":1,"size":[176,220]}}],"type":"panel"},"large_chest_panel_top_half":{"anchor_from":"top_left","anchor_to":"top_left","controls":[{"chest_label@chest.chest_label":{}},{"large_chest_grid@chest.large_chest_grid":{"offset":[7,10]}}],"offset":[0,11],"size":["100%",132],"type":"panel"},"large_chest_screen@common.inventory_screen_common":{"$close_on_player_hurt|default":true,"$show_background":false,"close_on_player_hurt":"$close_on_player_hurt","variables":[{"$screen_bg_content":"common.screen_background","$screen_content":"chest.large_chest_panel","requires":"$desktop_screen"},{"$screen_bg_content":"common.screen_background","$screen_content":"chest.large_chest_panel","requires":"$pocket_screen"}]},"namespace":"chest","selected_item_details@common.selected_item_details":{"offset":[0,0]},"shulker_box_panel@chest.small_chest_panel":{},"shulker_box_screen@chest.small_chest_screen":{"$close_on_player_hurt":true,"variables":[{"$screen_bg_content":"common.screen_background","$screen_content":"chest.shulker_box_panel","requires":"$desktop_screen"},{"$screen_content":"pocket_containers.shulker_box_panel","requires":"$pocket_screen"}]},"small_chest_grid":{"anchor_from":"top_left","anchor_to":"top_left","collection_name":"container_items","grid_dimensions":[9,3],"grid_item_template":"chest.chest_grid_item","size":[162,54],"type":"grid"},"small_chest_panel":{"controls":[{"container_gamepad_helpers@common.container_gamepad_helpers":{}},{"flying_item_renderer@common.flying_item_renderer":{"layer":14}},{"selected_item_details_factory@common.selected_item_details_factory":{}},{"item_lock_notification_factory@common.item_lock_notification_factory":{}},{"custom_enchant@custom_enchant":{}},{"root_panel@common.root_panel":{"controls":[{"common_panel@common.common_panel":{}},{"chest_panel":{"controls":[{"small_chest_panel_top_half@chest.small_chest_panel_top_half":{}},{"inventory_panel_bottom_half_with_label@common.inventory_panel_bottom_half_with_label":{}},{"hotbar_grid@common.hotbar_grid_template":{}},{"inventory_take_progress_icon_button@common.inventory_take_progress_icon_button":{}}],"layer":5,"type":"panel"}},{"inventory_selected_icon_button@common.inventory_selected_icon_button":{}},{"gamepad_cursor@common.gamepad_cursor_button":{}}],"layer":1}}],"type":"panel"},"small_chest_panel_top_half":{"anchor_from":"top_left","anchor_to":"top_left","controls":[{"chest_label@chest.chest_label":{}},{"small_chest_grid@chest.small_chest_grid":{"offset":[7,9]}}],"offset":[0,12],"size":["100%","50%"],"type":"panel"},"small_chest_screen@common.inventory_screen_common":{"$close_on_player_hurt|default":true,"$show_background":false,"close_on_player_hurt":"$close_on_player_hurt","variables":[{"$screen_bg_content":"common.screen_background","$screen_content":"chest.small_chest_panel","requires":"$desktop_screen"},{"$screen_bg_content":"common.screen_background","$screen_content":"chest.small_chest_panel","requires":"$pocket_screen"}]},"trade_menu":{"$atext":"$container_title","alpha":1,"fill":false,"layer":12,"offset":[0,-3],"size":[176,226],"texture":"textures/gui_custom/trade_menu.png","type":"image","visible":"($atext = 'gui.trade_menu')"},"trade_wallet":{"$atext":"$container_title","alpha":1,"fill":false,"layer":12,"offset":[0,-3],"size":[176,226],"texture":"textures/gui_custom/trade_wallet.png","type":"image","visible":"($atext = 'gui.trade_wallet')"}}