{"horizontal_scoreboard":{"anchor_from":"top_right","anchor_to":"top_right","bindings":[{"binding_name":"#scoreboard_sidebar_visible","binding_name_override":"#visible","binding_type":"global"}],"controls":[{"entries":{"bindings":[{"binding_name":"#scoreboard_sidebar_size","binding_name_override":"#collection_length","binding_type":"global"}],"collection_name":"scoreboard_players","factory":{"control_name":"scoreboard.horizontal_scoreboard_entry","name":"player_list_factory"},"offset":[0,3],"orientation":"horizontal","size":["100%c","100%c"],"type":"stack_panel"}}],"layer":5,"size":["100%cm","100%c"],"type":"panel"},"horizontal_scoreboard2":{"anchor_from":"top_right","anchor_to":"top_right","bindings":[{"binding_name":"#scoreboard_sidebar_visible","binding_name_override":"#visible","binding_type":"global"}],"controls":[{"entries":{"bindings":[{"binding_name":"#scoreboard_sidebar_size","binding_name_override":"#collection_length","binding_type":"global"}],"collection_name":"scoreboard_players","factory":{"control_name":"scoreboard.horizontal_scoreboard_entry2","name":"player_list_factory"},"offset":[0,20],"orientation":"horizontal","size":["100%c","100%c"],"type":"stack_panel"}}],"layer":5,"size":["100%cm","100%c"],"type":"panel"},"horizontal_scoreboard_entry":{"bindings":[{"binding_collection_name":"scoreboard_players","binding_name":"#player_name_sidebar","binding_type":"collection"},{"binding_type":"view","source_property_name":"(not ((#player_name_sidebar - $horizontal_scoreboard) = #player_name_sidebar))","target_property_name":"#visible"}],"controls":[{"text":{"bindings":[{"binding_collection_name":"scoreboard_players","binding_name":"#player_name_sidebar","binding_type":"collection"}],"layer":2,"shadow":false,"text":"#player_name_sidebar","type":"label"}},{"background":{"alpha":0.55,"size":["100%sm + 5px","100%sm + 5px"],"texture":"textures/ui/scoreboard_entry","type":"image"}}],"max_size":[10000,10000],"size":["100%cm + 3px","100%cm - 3px"],"type":"panel"},"horizontal_scoreboard_entry2":{"bindings":[{"binding_collection_name":"scoreboard_players","binding_name":"#player_name_sidebar","binding_type":"collection"},{"binding_type":"view","source_property_name":"(not ((#player_name_sidebar - $horizontal_scoreboard2) = #player_name_sidebar))","target_property_name":"#visible"}],"controls":[{"text":{"bindings":[{"binding_collection_name":"scoreboard_players","binding_name":"#player_name_sidebar","binding_type":"collection"}],"layer":2,"shadow":false,"text":"#player_name_sidebar","type":"label"}},{"background":{"alpha":0.55,"size":["100%sm + 5px","100%sm + 5px"],"texture":"textures/ui/scoreboard_entry","type":"image"}}],"max_size":[10000,10000],"size":["100%cm + 3px","100%cm - 3px"],"type":"panel"},"namespace":"scoreboard","scoreboard_sidebar":{"$horizontal_scoreboard":"§s§h","$horizontal_scoreboard2":"§s§2§h","$vertical_scoreboard":"§s§v","controls":[{"@scoreboard.vertical_scoreboard":{}},{"@scoreboard.horizontal_scoreboard2":{}},{"@scoreboard.horizontal_scoreboard":{}}],"inherit_max_sibling_height":true,"type":"panel"},"vertical_scoreboard":{"anchor_from":"right_middle","anchor_to":"right_middle","bindings":[{"binding_name":"#scoreboard_sidebar_visible","binding_name_override":"#visible","binding_type":"global"}],"controls":[{"background":{"alpha":0.55,"controls":[{"logo":{"anchor_from":"top_middle","anchor_to":"top_middle","offset":[0,1],"size":[85,18],"texture":"textures/ui/scoreboard_logo","type":"image"}},{"lists":{"anchor_from":"bottom_left","anchor_to":"bottom_left","controls":[{"entries":{"bindings":[{"binding_name":"#scoreboard_sidebar_size","binding_name_override":"#collection_length","binding_type":"global"}],"collection_name":"scoreboard_players","factory":{"control_name":"scoreboard.vertical_scoreboard_entry","name":"player_list_factory"},"orientation":"vertical","size":["100%cm","100%c"],"type":"stack_panel"}}],"offset":[0,-2.5],"size":["100%cm + 8px","100%c - 2px"],"type":"panel"}}],"size":["100%cm + 1px","100%c + 4px"],"texture":"textures/ui/scoreboard_entry","type":"image"}}],"offset":[0,0],"size":["100%cm + 3px","100%c"],"type":"panel"},"vertical_scoreboard_entry":{"bindings":[{"binding_collection_name":"scoreboard_players","binding_name":"#player_name_sidebar","binding_type":"collection"},{"binding_type":"view","source_property_name":"(not ((#player_name_sidebar - $vertical_scoreboard) = #player_name_sidebar))","target_property_name":"#visible"}],"color":"$player_name_color","layer":2,"locked_alpha":3.0,"max_size":[10000,10000],"size":["default","default"],"text":"#player_name_sidebar","type":"label"}}