{"cubecraft_custom_screen_content":{"controls":[{"header@cubecraft_common.header_panel":{"size":[231,20]}},{"custom_form@cubecraft_custom_form.custom_form":{}}],"orientation":"vertical","size":[225,200],"type":"stack_panel"},"cubecraft_dynamic_screen_content":{"controls":[{"header@cubecraft_common.header_panel":{"max_size":[367,20],"size":["100% - 4px",20]}},{"cube_dynamic_form@cubecraft_dynamic_form.dynamic_form":{"bindings":[{"binding_type":"view","source_property_name":"(not ((#title_text - 'is_dynamic') = #title_text))","target_property_name":"#visible"}]}},{"long_form@cubecraft_long_form.long_form":{"bindings":[{"binding_type":"view","source_property_name":"((#title_text - 'is_dynamic') = #title_text)","target_property_name":"#visible"}]}}],"max_size":[372,200],"orientation":"vertical","size":["100%",200],"type":"stack_panel"},"main_screen_content":{"controls":[{"server_form_factory":{"control_ids":{"custom_form":"@server_form.cubecraft_custom_screen_content","long_form":"@server_form.cubecraft_dynamic_screen_content"},"type":"factory"}},{"background@common.screen_background":{"alpha":0.3,"size":["200%","200%"]}}],"size":["100% - 100px","100% - 50px"],"type":"panel"},"namespace":"server_form","third_party_server_screen@common.base_screen":{"$screen_animations|default":["@cubecraft_common.screen_exit_animation_pop_offset","@cubecraft_common.screen_entrance_animation_push_offset","@cubecraft_common.screen_exit_animation_pop_fade","@cubecraft_common.screen_entrance_animation_push_fade"],"$screen_content":"server_form.main_screen_content","anchor_from":"top_left","anchor_to":"top_left","button_mappings":[{"from_button_id":"button.menu_cancel","mapping_type":"global","to_button_id":"button.menu_exit"}],"size":["100%","100%"],"type":"screen"}}