{"anim_emoji_panel_alpha_in":{"anim_type":"alpha","duration":0.1,"easing":"linear","from":0,"to":1},"anim_emoji_panel_alpha_out":{"anim_type":"alpha","duration":0.1,"easing":"linear","from":1,"to":0},"anim_emoji_panel_offset_in":{"anim_type":"offset","duration":0.15,"easing":"out_cubic","from":[200,0],"to":[0,0]},"anim_emoji_panel_offset_out":{"anim_type":"offset","destroy_at_end":"emoji_panel_background","duration":0.1,"easing":"in_cubic","from":[0,0],"to":[200,0]},"chat_screen_content":{"modifications":[{"array_name":"controls","operation":"insert_back","value":[{"emoji_panel@chat.emoji_panel":{}},{"emoji_panel_exit@chat.emoji_panel_exit":{}},{"emoji_panel_toggle@chat.emoji_panel_toggle":{}}]}]},"emoji_button@common.button":{"$default_button_texture":"textures/chat/emoji_button","$emoji_code|default":"","$hover_button_texture":"textures/chat/emoji_button_hover","$pressed_button_name":"","$pressed_button_texture":"textures/chat/emoji_button_pressed","bindings":[{"binding_name":"#chat_visible","binding_name_override":"#visible"}],"controls":[{"emoji_button_content@chat.emoji_button_content":{}},{"default":{"texture":"$default_button_texture","type":"image"}},{"hover":{"texture":"$hover_button_texture","type":"image"}},{"pressed":{"texture":"$pressed_button_texture","type":"image"}},{"text_edit_box":{"always_listening":true,"anchor_from":"top_left","anchor_to":"top_left","button_mappings":[{"from_button_id":"button.menu_select","handle_deselect":false,"handle_select":true,"mapping_type":"pressed","to_button_id":"button.keyboard_toggle"},{"consume_event":false,"from_button_id":"button.menu_select","handle_deselect":true,"handle_select":false,"mapping_type":"global","to_button_id":"button.keyboard_toggle"},{"from_button_id":"button.menu_cancel","handle_deselect":true,"handle_select":false,"mapping_type":"global","to_button_id":"button.menu_select"}],"can_be_deselected":true,"controls":[{"text_control":{"bindings":[{"binding_type":"view","source_control_name":"display_text","source_property_name":"#item_name","target_property_name":"#current_input_text"},{"binding_type":"view","source_property_name":"(#current_input_text + $emoji_code)","target_property_name":"#item_name"}],"layer":9,"localize":false,"property_bag":{"#property_field":"#item_name"},"text":"#item_name","type":"label","visible":false}}],"focus_enabled":true,"layer":3,"max_length":2147483647,"offset":[2,0],"size":["100%sm","100%sm"],"text_box_name":"#message_text_box","text_control":"text_control","type":"edit_box"}}],"size":[30,30]},"emoji_button_content":{"font_size":"medium","layer":1,"text":"$emoji_code","type":"label"},"emoji_buttons_panel":{"controls":[{"category_0":{"controls":[{"label":{"anchor_from":"left_middle","anchor_to":"left_middle","offset":[6,0],"shadow":true,"text":"Смайлики","type":"label"}}],"size":[126,"100%c + 10px"],"texture":"textures/chat/emoji_button","type":"image"}},{"spacer_0":{"size":[0,2],"type":"panel"}},{"row_1@chat.emoji_stack_panel_unit":{"$emoji_code_1":"","$emoji_code_2":"","$emoji_code_3":"","$emoji_code_4":""}},{"row_2@chat.emoji_stack_panel_unit":{"$emoji_code_1":"","$emoji_code_2":"","$emoji_code_3":"","$emoji_code_4":""}},{"row_3@chat.emoji_stack_panel_unit":{"$emoji_code_1":"","$emoji_code_2":"","$emoji_code_3":"","$emoji_code_4":""}},{"row_4@chat.emoji_stack_panel_unit":{"$emoji_code_1":"","$emoji_code_2":"","$emoji_code_3":"","$emoji_code_4":""}},{"row_5@chat.emoji_stack_panel_unit":{"$emoji_code_1":"","$emoji_code_2":"","$emoji_code_3":"","$emoji_code_4":""}},{"row_6@chat.emoji_stack_panel_unit":{"$emoji_code_1":"","$emoji_code_2":"","$emoji_code_3":"","$emoji_code_4":""}},{"row_7@chat.emoji_stack_panel_unit":{"$emoji_code_1":"","$emoji_code_2":"","$emoji_code_3":"","$emoji_code_4":""}},{"row_8@chat.emoji_stack_panel_unit":{"$emoji_code_1":"","$emoji_code_2":"","$emoji_code_3":"","$emoji_code_4":""}},{"row_9@chat.emoji_stack_panel_unit":{"$emoji_code_1":"","$emoji_code_2":"","$emoji_code_3":"","$emoji_code_4":""}},{"row_10@chat.emoji_stack_panel_unit":{"$emoji_code_1":"","$emoji_code_2":"","$emoji_code_3":"","$emoji_code_4":""}},{"row_11@chat.emoji_stack_panel_unit":{"$emoji_code_1":"","$emoji_code_2":"","$emoji_code_3":"","$emoji_code_4":""}},{"row_12@chat.emoji_stack_panel_unit":{"$emoji_code_1":"","$emoji_code_2":"","$emoji_code_3":"","$emoji_code_4":""}},{"row_13@chat.emoji_stack_panel_unit":{"$emoji_code_1":"","$emoji_code_2":"","$emoji_code_3":"","$emoji_code_4":""}},{"row_14@chat.emoji_stack_panel_unit":{"$emoji_code_1":"","$emoji_code_2":"","$emoji_code_3":"","$emoji_code_4":""}},{"row_15@chat.emoji_stack_panel_unit_3":{"$emoji_code_1":"","$emoji_code_2":"","$emoji_code_3":""}},{"spacer_1":{"size":[0,8],"type":"panel"}},{"category_1":{"controls":[{"label":{"anchor_from":"left_middle","anchor_to":"left_middle","offset":[6,0],"shadow":true,"text":"Жесты рук","type":"label"}}],"size":[126,"100%c + 10px"],"texture":"textures/chat/emoji_button","type":"image"}},{"spacer_2":{"size":[0,2],"type":"panel"}},{"row_26@chat.emoji_stack_panel_unit":{"$emoji_code_1":"","$emoji_code_2":"","$emoji_code_3":"","$emoji_code_4":""}},{"row_27@chat.emoji_stack_panel_unit":{"$emoji_code_1":"","$emoji_code_2":"","$emoji_code_3":"","$emoji_code_4":""}},{"row_28@chat.emoji_stack_panel_unit":{"$emoji_code_1":"","$emoji_code_2":"","$emoji_code_3":"","$emoji_code_4":""}},{"row_29@chat.emoji_stack_panel_unit":{"$emoji_code_1":"","$emoji_code_2":"","$emoji_code_3":"","$emoji_code_4":""}},{"spacer_3":{"size":[0,8],"type":"panel"}},{"category_2":{"controls":[{"label":{"anchor_from":"left_middle","anchor_to":"left_middle","offset":[6,0],"shadow":true,"text":"Разное","type":"label"}}],"size":[126,"100%c + 10px"],"texture":"textures/chat/emoji_button","type":"image"}},{"spacer_4":{"size":[0,2],"type":"panel"}},{"row_16@chat.emoji_stack_panel_unit":{"$emoji_code_1":"","$emoji_code_2":"","$emoji_code_3":"","$emoji_code_4":""}},{"row_17@chat.emoji_stack_panel_unit":{"$emoji_code_1":"","$emoji_code_2":"","$emoji_code_3":"","$emoji_code_4":""}},{"row_18@chat.emoji_stack_panel_unit":{"$emoji_code_1":"","$emoji_code_2":"","$emoji_code_3":"","$emoji_code_4":""}},{"row_19@chat.emoji_stack_panel_unit":{"$emoji_code_1":"","$emoji_code_2":"","$emoji_code_3":"","$emoji_code_4":""}},{"row_20@chat.emoji_stack_panel_unit":{"$emoji_code_1":"","$emoji_code_2":"","$emoji_code_3":"","$emoji_code_4":""}},{"row_21@chat.emoji_stack_panel_unit":{"$emoji_code_1":"","$emoji_code_2":"","$emoji_code_3":"","$emoji_code_4":""}},{"row_22@chat.emoji_stack_panel_unit":{"$emoji_code_1":"","$emoji_code_2":"","$emoji_code_3":"","$emoji_code_4":""}},{"row_23@chat.emoji_stack_panel_unit":{"$emoji_code_1":"","$emoji_code_2":"","$emoji_code_3":"","$emoji_code_4":""}},{"row_24@chat.emoji_stack_panel_unit":{"$emoji_code_1":"","$emoji_code_2":"","$emoji_code_3":"","$emoji_code_4":""}},{"row_25@chat.emoji_stack_panel_unit":{"$emoji_code_1":"","$emoji_code_2":"","$emoji_code_3":"","$emoji_code_4":""}},{"button_extra@chat.emoji_button":{"$emoji_code":""}},{"spacer_end":{"size":[0,1],"type":"panel"}}],"size":["100%cm","100%c"],"type":"stack_panel"},"emoji_panel":{"$anims":["@chat.anim_emoji_panel_alpha_in","@chat.anim_emoji_panel_offset_in"],"anchor_from":"right_middle","anchor_to":"right_middle","bindings":[{"binding_type":"view","source_control_name":"emoji_toggle_state","source_property_name":"#toggle_state","target_property_name":"#toggle_state"},{"binding_type":"view","source_property_name":"(1 * #toggle_state)","target_property_name":"#collection_length"}],"factory":{"control_name":"chat.emoji_panel_background","max_children_size":1,"name":"emoji_panel_factory"},"layer":1,"offset":[-20,0],"size":[145,186],"type":"collection_panel"},"emoji_panel_background":{"anims":"$anims","controls":[{"title_emoji_panel":{"anchor_from":"top_middle","anchor_to":"top_middle","offset":[0,7],"shadow":true,"text":"Эмодзи","type":"label"}},{"emojis_scrolling_panel@common.scrolling_panel":{"$scroll_bar_right_padding_size":[1,0],"$scroll_box_mouse_image_control":"chat.ore_ui_scrollbar_box_image","$scroll_box_touch_image_control":"chat.ore_ui_touch_scrollbar_box_image","$scroll_size":[5,149],"$scrolling_content":"chat.emoji_buttons_panel","$scrolling_pane_offset":[2,4],"$scrolling_pane_size":[135,149],"$show_background":false,"anchor_from":"top_middle","anchor_to":"top_middle","offset":[0,26],"size":[137,156]}}],"layer":0,"propagate_alpha":true,"size":[145,186],"texture":"textures/chat/emoji_panel_background","type":"image"},"emoji_panel_exit":{"$anims":["@chat.anim_emoji_panel_alpha_out","@chat.anim_emoji_panel_offset_out"],"anchor_from":"right_middle","anchor_to":"right_middle","bindings":[{"binding_type":"view","source_control_name":"emoji_toggle_state","source_property_name":"#toggle_state","target_property_name":"#toggle_state"},{"binding_type":"view","source_property_name":"(#toggle_state * -1 + 1)","target_property_name":"#collection_length"}],"factory":{"control_name":"chat.emoji_panel_background","max_children_size":1,"name":"emoji_panel_factory"},"layer":1,"offset":[-20,0],"size":[145,186],"type":"collection_panel"},"emoji_panel_toggle@common_toggles.light_text_toggle":{"$button_text":"","$default_border_visible":false,"$default_texture":"textures/chat/emoji_button","$hover_border_visible":false,"$hover_texture":"textures/chat/emoji_button_pressed","$pressed_no_hover_texture":"textures/chat/emoji_button_pressed","$pressed_texture":"textures/chat/emoji_button_hover","$toggle_name":"emoji_toggle","$toggle_view_binding_name":"emoji_toggle_state","anchor_from":"top_right","anchor_to":"top_right","offset":[-5,28],"size":[25,25]},"emoji_stack_panel_unit":{"$emoji_code_1|default":"","$emoji_code_2|default":"","$emoji_code_3|default":"","$emoji_code_4|default":"","controls":[{"button_1@chat.emoji_button":{"$emoji_code":"$emoji_code_1"}},{"spacer_0":{"size":[2,0],"type":"panel"}},{"button_2@chat.emoji_button":{"$emoji_code":"$emoji_code_2"}},{"spacer_1":{"size":[2,0],"type":"panel"}},{"button_3@chat.emoji_button":{"$emoji_code":"$emoji_code_3"}},{"spacer_2":{"size":[2,0],"type":"panel"}},{"button_4@chat.emoji_button":{"$emoji_code":"$emoji_code_4"}}],"orientation":"horizontal","size":["100%c","100%cm + 2px"],"type":"stack_panel"},"emoji_stack_panel_unit_3":{"$emoji_code_1|default":"","$emoji_code_2|default":"","$emoji_code_3|default":"","controls":[{"button_1@chat.emoji_button":{"$emoji_code":"$emoji_code_1"}},{"spacer_0":{"size":[2,0],"type":"panel"}},{"button_2@chat.emoji_button":{"$emoji_code":"$emoji_code_2"}},{"spacer_1":{"size":[2,0],"type":"panel"}},{"button_3@chat.emoji_button":{"$emoji_code":"$emoji_code_3"}}],"orientation":"horizontal","size":["100%c","100%cm + 2px"],"type":"stack_panel"},"ore_ui_scrollbar_box_image":{"layer":4,"size":[5,"100%"],"texture":"textures/chat/ore_ui_ScrollHandle","type":"image"},"ore_ui_touch_scrollbar_box_image":{"alpha":"@common.anim_scrollbar_box_fadeout","layer":3,"texture":"textures/chat/ore_ui_touchScrollBox","type":"image"}}