{"content":[{"path":"animations/attachables/acc_case.animation.json","key":"u0IClmoFdG6PjQqkCmUQLvcSjyWKPtab"},{"path":"animations/attachables/armor_case.animation.json","key":"hHwS6HjE2iK7A2GtUs6yv3MGKRies0dU"},{"path":"animations/attachables/coupon_case.animation.json","key":"p2KispZeXSUSySrOIJg21U4dfKTJD0NB"},{"path":"animations/attachables/item_bronze_case.animation.json","key":"p8G4BLcgeqIk6ofeeqL3i3St83s45ecf"},{"path":"animations/attachables/item_gold_case.animation.json","key":"pXaq9pjJwEfgtdHCr0JNehuApTPphq84"},{"path":"animations/attachables/item_iron_case.animation.json","key":"LNZG0QqGupCK3CqqXOh3gudFWX3HJc9p"},{"path":"animations/attachables/mascot_sphere_case.animation.json","key":"miGOpCijtQ7wCQAFcJkipuaxjvU0uBfk"},{"path":"animations/attachables/multicase.animation.json","key":"e80g0WqwvS7JHan95wVbyExkQxs6Z0FP"},{"path":"animations/attachables/tools_case.animation.json","key":"arKMAKvA4Bt9O6rfSCf4840sCbZREzi7"},{"path":"attachables/acc_case.attachable.json","key":"mCRUDwTqr5eVRon6Q7uLLMk7hS9fqfb7"},{"path":"attachables/armor_case.attachable.json","key":"VJduDMcjofmnH5FmaHsUTbcilzwpegBD"},{"path":"attachables/coupon_case.attachable.json","key":"eh6EB6mfS9NOakRojNTsOgw6iFyr7xSl"},{"path":"attachables/item_bronze_case.attachable.json","key":"yv6rw2c6CLIduLZEwUXy6nNhBI8OjYPV"},{"path":"attachables/item_gold_case.attachable.json","key":"NshbqJB7yAuAZa69USMepTbz5AExxDTZ"},{"path":"attachables/item_iron_case.attachable.json","key":"ELziHNejOb98HYe6yuxvfRLKbHZFjjGw"},{"path":"attachables/mascot_sphere_case.attachable.json","key":"KqvYSfwphLr8kLKkQvKIoVUySvQfbS7v"},{"path":"attachables/multicase.attachable.json","key":"xRuh47UwUrOWLSS0p9CJI6v0u1mfAdIJ"},{"path":"attachables/tools_case.attachable.json","key":"3hVi40yYdDIAYlfxAWN62Uh24CSN5AxG"},{"path":"items/acc_case.json","key":"Qosduxrk2tCaUI5bOLGrEbWnIFl5QKEs"},{"path":"items/armor_case.json","key":"E4s4j5DJssCqYVxF3vN1fh71vhzRbnAG"},{"path":"items/coupon_case.json","key":"baVD5NOfSgklEPznkU31x7UeRp2lpBs3"},{"path":"items/item_bronze_case.json","key":"BGRepXeLSBELEjpQ5ST5vAIW69UV7Lmk"},{"path":"items/item_gold_case.json","key":"nNccwz02Cz8sV7rndwNwKsjZ1XzEDkP5"},{"path":"items/item_iron_case.json","key":"Y2ZcDGQZvlsqosN56etE4CnRA91k0FkO"},{"path":"items/mascot_sphere_case.json","key":"uTrU8DLvpBHEYfbpxFvBJiilzUVx8c8p"},{"path":"items/multicase.json","key":"IMEjfKROBAP1ypGhoCfEd95C5gCcLyCe"},{"path":"items/tools_case.json","key":"NxbVZmiI2aPEZf5q4V4LAMqoZgvm7azu"},{"path":"manifest.json","key":null},{"path":"models/entity/attachable/acc_case.geo.json","key":"Z7VuxGuqF0BCbLj3tpxTtIIYkU9yXQHy"},{"path":"models/entity/attachable/armor_case.geo.json","key":"gca34ZrrgMQUaZcNHCzRgeyQMp0TsFVv"},{"path":"models/entity/attachable/coupon_case.geo.json","key":"UCsnLtYcc3olIo3WNEakzFwmT71R2BKx"},{"path":"models/entity/attachable/item_bronze_case.geo.json","key":"g0WmYbyaIyKMYHDTR2fG1CeCyEmNAq3U"},{"path":"models/entity/attachable/item_gold_case.geo.json","key":"ckTkVw84h8pKfLXxfX02Xs7lxiWmhX3P"},{"path":"models/entity/attachable/item_iron_case.geo.json","key":"ING5EBWntr5ldOcp5wnCtXxSDTpeF82O"},{"path":"models/entity/attachable/mascot_sphere_case.geo.json","key":"XLx1NzAADV3BpiAcMtMS6U6WW2mEpkUM"},{"path":"models/entity/attachable/multicase.geo.json","key":"PfEv2Iv6SB5dz6b1CYgU2soLOGyJkEIH"},{"path":"models/entity/attachable/tools_case.geo.json","key":"goqEw21JI0KRdCD5bHhidBBaZZp5XEyX"},{"path":"textures/entity/attachable/acc_case.png","key":"HFYnJweSGsukYDd3LRLq4KPoAvBwb7Fr"},{"path":"textures/entity/attachable/armor_case.png","key":"75avhcpXbykfE2rnw0uRxWDWX2jz4Vnx"},{"path":"textures/entity/attachable/coupon_case.png","key":"PzgFaqeidVDVC1HZQzCwmutiaVFgqY3U"},{"path":"textures/entity/attachable/item_bronze_case.png","key":"BAU1NMetojbPo2CISHggZ1iqcuOG5USz"},{"path":"textures/entity/attachable/item_gold_case.png","key":"K4L8VNDK7YjyzQeBOkiQlnhGt1KLvEP5"},{"path":"textures/entity/attachable/item_iron_case.png","key":"9rvpTVKhwQkzDWU7qC1jSz8gH2SgzOyC"},{"path":"textures/entity/attachable/mascot_sphere_case.png","key":"YwfgRghVy0fbguNs80hJyqZvASuFxaGd"},{"path":"textures/entity/attachable/multicase.png","key":"C74vWAbBYJ59IJMPs6g56ysXfdeBrN4h"},{"path":"textures/entity/attachable/tools_case.png","key":"A8XNF65T278nLBHRZq7iwZ4HBFvJKVxp"},{"path":"textures/item_texture.json","key":"3gPLAnMz3Cz6WTppkTxBVkcwVu4P7Tr1"},{"path":"textures/items/acc_case.png","key":"TbShG92Czuy4hrfo8TfsL7BAzX0HgdV6"},{"path":"textures/items/armor_case.png","key":"aBBHSXslM8f8poAxqrSfgAAuTAJB11Cz"},{"path":"textures/items/coupon_case.png","key":"vO2LIqF6mb33dQCO9n6LojMoFT5lBpAE"},{"path":"textures/items/item_bronze_case.png","key":"eHSKcg0E4ayP2k06f6jdKluCA580kpCB"},{"path":"textures/items/item_gold_case.png","key":"l32OC8hgOaAd5LqsQ7X0uhUx3384Vf7o"},{"path":"textures/items/item_iron_case.png","key":"QgY67YNxFf320trQ2T8EcdZPR0DMnVau"},{"path":"textures/items/mascot_sphere_case.png","key":"Bo3jktquQVjYY1yDTQypuPIAeZkSjqvS"},{"path":"textures/items/multicase.png","key":"Tz9VGHhAw3dOmuuPYYBIiydkexfWyj0s"},{"path":"textures/items/tools_case.png","key":"WbCJKu1iO9G2kuwL0o8jeh6z1qUuq55S"}]}