{"format_version":"1.10.0","minecraft:attachable":{"description":{"animations":{"first_person_hold":"animation.multicase.first_person_hold","third_person_hold":"animation.multicase.third_person_hold"},"geometry":{"default":"geometry.multicase"},"identifier":"costumer:multicase","materials":{"default":"entity_alphatest","enchanted":"entity_alphatest_glint"},"render_controllers":["controller.render.item_default"],"scripts":{"animate":[{"first_person_hold":"c.is_first_person"},{"third_person_hold":"!c.is_first_person"}]},"textures":{"default":"textures/entity/attachable/multicase","enchanted":"textures/misc/enchanted_item_glint"}}}}