{"format_version":"1.10.0","minecraft:attachable":{"description":{"animations":{"first_person_hold":"animation.tools_case.first_person_hold","third_person_hold":"animation.tools_case.third_person_hold"},"geometry":{"default":"geometry.tools_case"},"identifier":"costumer:tools_case","materials":{"default":"entity_alphatest","enchanted":"entity_alphatest_glint"},"render_controllers":["controller.render.item_default"],"scripts":{"animate":[{"first_person_hold":"c.is_first_person"},{"third_person_hold":"!c.is_first_person"}]},"textures":{"default":"textures/entity/attachable/tools_case","enchanted":"textures/misc/enchanted_item_glint"}}}}