{"format_version":"1.19.0","minecraft:geometry":[{"bones":[{"binding":"q.item_slot_to_bone_name(c.item_slot)","cubes":[{"origin":[-56,-28,-0.85],"size":[82,72,2],"uv":{"down":{"uv":[7,30],"uv_size":[-1.75,-0.75]},"east":{"uv":[5.25,29.25],"uv_size":[1.75,0.75]},"north":{"uv":[7,28],"uv_size":[82,72]},"south":{"uv":[89,28],"uv_size":[-82,72]},"up":{"uv":[9,29],"uv_size":[-1.5,-0.75]},"west":{"uv":[7.5,28.25],"uv_size":[1.5,0.75]}}},{"origin":[26,-4,-0.85],"size":[31,24,2],"uv":{"down":{"uv":[7,30],"uv_size":[-1.75,-0.75]},"east":{"uv":[5.25,29.25],"uv_size":[1.75,0.75]},"north":{"uv":[89,52],"uv_size":[31,24]},"south":{"uv":[120,52],"uv_size":[-31,24]},"up":{"uv":[9,29],"uv_size":[-1.5,-0.75]},"west":{"uv":[7.5,28.25],"uv_size":[1.5,0.75]}}},{"origin":[33,-28,-0.85],"size":[24,24,2],"uv":{"down":{"uv":[7,30],"uv_size":[-1.75,-0.75]},"east":{"uv":[5.25,29.25],"uv_size":[1.75,0.75]},"north":{"uv":[96,76],"uv_size":[24,24]},"south":{"uv":[120,76],"uv_size":[-24,24]},"up":{"uv":[9,29],"uv_size":[-1.5,-0.75]},"west":{"uv":[7.5,28.25],"uv_size":[1.5,0.75]}}},{"origin":[62,-22,-0.85],"size":[1,60,2],"uv":{"down":{"uv":[7,30],"uv_size":[-1.75,-0.75]},"east":{"uv":[5.25,29.25],"uv_size":[1.75,0.75]},"north":{"uv":[125,34],"uv_size":[1,60]},"south":{"uv":[126,34],"uv_size":[-1,60]},"up":{"uv":[9,29],"uv_size":[-1.5,-0.75]},"west":{"uv":[7.5,28.25],"uv_size":[1.5,0.75]}}},{"origin":[61,-24,-0.85],"size":[1,64,2],"uv":{"down":{"uv":[7,30],"uv_size":[-1.75,-0.75]},"east":{"uv":[5.25,29.25],"uv_size":[1.75,0.75]},"north":{"uv":[124,32],"uv_size":[1,64]},"south":{"uv":[125,32],"uv_size":[-1,64]},"up":{"uv":[9,29],"uv_size":[-1.5,-0.75]},"west":{"uv":[7.5,28.25],"uv_size":[1.5,0.75]}}},{"origin":[60,-25,-0.85],"size":[1,66,2],"uv":{"down":{"uv":[7,30],"uv_size":[-1.75,-0.75]},"east":{"uv":[5.25,29.25],"uv_size":[1.75,0.75]},"north":{"uv":[123,31],"uv_size":[1,66]},"south":{"uv":[124,31],"uv_size":[-1,66]},"up":{"uv":[9,29],"uv_size":[-1.5,-0.75]},"west":{"uv":[7.5,28.25],"uv_size":[1.5,0.75]}}},{"origin":[59,-26,-0.85],"size":[1,68,2],"uv":{"down":{"uv":[7,30],"uv_size":[-1.75,-0.75]},"east":{"uv":[5.25,29.25],"uv_size":[1.75,0.75]},"north":{"uv":[122,30],"uv_size":[1,68]},"south":{"uv":[123,30],"uv_size":[-1,68]},"up":{"uv":[9,29],"uv_size":[-1.5,-0.75]},"west":{"uv":[7.5,28.25],"uv_size":[1.5,0.75]}}},{"origin":[57,-27,-0.85],"size":[2,70,2],"uv":{"down":{"uv":[7,30],"uv_size":[-1.75,-0.75]},"east":{"uv":[5.25,29.25],"uv_size":[1.75,0.75]},"north":{"uv":[120,29],"uv_size":[2,70]},"south":{"uv":[122,29],"uv_size":[-2,70]},"up":{"uv":[9,29],"uv_size":[-1.5,-0.75]},"west":{"uv":[7.5,28.25],"uv_size":[1.5,0.75]}}},{"origin":[33,20,-0.85],"size":[24,24,2],"uv":{"down":{"uv":[7,30],"uv_size":[-1.75,-0.75]},"east":{"uv":[5.25,29.25],"uv_size":[1.75,0.75]},"north":{"uv":[96,28],"uv_size":[24,24]},"south":{"uv":[120,28],"uv_size":[-24,24]},"up":{"uv":[9,29],"uv_size":[-1.5,-0.75]},"west":{"uv":[7.5,28.25],"uv_size":[1.5,0.75]}}},{"origin":[26,-23,-0.85],"size":[7,12,2],"uv":{"down":{"uv":[7,30],"uv_size":[-1.75,-0.75]},"east":{"uv":[5.25,29.25],"uv_size":[1.75,0.75]},"north":{"uv":[89,83],"uv_size":[7,12]},"south":{"uv":[96,83],"uv_size":[-7,12]},"up":{"uv":[9,29],"uv_size":[-1.5,-0.75]},"west":{"uv":[7.5,28.25],"uv_size":[1.5,0.75]}}},{"origin":[26,27,-0.85],"size":[7,12,2],"uv":{"down":{"uv":[7,30],"uv_size":[-1.75,-0.75]},"east":{"uv":[5.25,29.25],"uv_size":[1.75,0.75]},"north":{"uv":[89,33],"uv_size":[7,12]},"south":{"uv":[96,33],"uv_size":[-7,12]},"up":{"uv":[9,29],"uv_size":[-1.5,-0.75]},"west":{"uv":[7.5,28.25],"uv_size":[1.5,0.75]}}},{"origin":[32,-11,-0.85],"size":[1,2,2],"uv":{"down":{"uv":[7,30],"uv_size":[-1.75,-0.75]},"east":{"uv":[5.25,29.25],"uv_size":[1.75,0.75]},"north":{"uv":[95,81],"uv_size":[1,2]},"south":{"uv":[96,81],"uv_size":[-1,2]},"up":{"uv":[9,29],"uv_size":[-1.5,-0.75]},"west":{"uv":[7.5,28.25],"uv_size":[1.5,0.75]}}},{"origin":[26,-11,-0.85],"size":[1,2,2],"uv":{"down":{"uv":[7,30],"uv_size":[-1.75,-0.75]},"east":{"uv":[5.25,29.25],"uv_size":[1.75,0.75]},"north":{"uv":[89,81],"uv_size":[1,2]},"south":{"uv":[90,81],"uv_size":[-1,2]},"up":{"uv":[9,29],"uv_size":[-1.5,-0.75]},"west":{"uv":[7.5,28.25],"uv_size":[1.5,0.75]}}},{"origin":[26,-6,-0.85],"size":[1,2,2],"uv":{"down":{"uv":[7,30],"uv_size":[-1.75,-0.75]},"east":{"uv":[5.25,29.25],"uv_size":[1.75,0.75]},"north":{"uv":[89,76],"uv_size":[1,2]},"south":{"uv":[90,76],"uv_size":[-1,2]},"up":{"uv":[9,29],"uv_size":[-1.5,-0.75]},"west":{"uv":[7.5,28.25],"uv_size":[1.5,0.75]}}},{"origin":[32,-6,-0.85],"size":[1,2,2],"uv":{"down":{"uv":[7,30],"uv_size":[-1.75,-0.75]},"east":{"uv":[5.25,29.25],"uv_size":[1.75,0.75]},"north":{"uv":[95,76],"uv_size":[1,2]},"south":{"uv":[96,76],"uv_size":[-1,2]},"up":{"uv":[9,29],"uv_size":[-1.5,-0.75]},"west":{"uv":[7.5,28.25],"uv_size":[1.5,0.75]}}},{"origin":[31,-5,-0.85],"size":[1,1,2],"uv":{"down":{"uv":[7,30],"uv_size":[-1.75,-0.75]},"east":{"uv":[5.25,29.25],"uv_size":[1.75,0.75]},"north":{"uv":[94,76],"uv_size":[1,1]},"south":{"uv":[95,76],"uv_size":[-1,1]},"up":{"uv":[9,29],"uv_size":[-1.5,-0.75]},"west":{"uv":[7.5,28.25],"uv_size":[1.5,0.75]}}},{"origin":[27,-5,-0.85],"size":[1,1,2],"uv":{"down":{"uv":[7,30],"uv_size":[-1.75,-0.75]},"east":{"uv":[5.25,29.25],"uv_size":[1.75,0.75]},"north":{"uv":[90,76],"uv_size":[1,1]},"south":{"uv":[91,76],"uv_size":[-1,1]},"up":{"uv":[9,29],"uv_size":[-1.5,-0.75]},"west":{"uv":[7.5,28.25],"uv_size":[1.5,0.75]}}},{"origin":[27,-11,-0.85],"size":[1,1,2],"uv":{"down":{"uv":[7,30],"uv_size":[-1.75,-0.75]},"east":{"uv":[5.25,29.25],"uv_size":[1.75,0.75]},"north":{"uv":[90,82],"uv_size":[1,1]},"south":{"uv":[91,82],"uv_size":[-1,1]},"up":{"uv":[9,29],"uv_size":[-1.5,-0.75]},"west":{"uv":[7.5,28.25],"uv_size":[1.5,0.75]}}},{"origin":[31,-11,-0.85],"size":[1,1,2],"uv":{"down":{"uv":[7,30],"uv_size":[-1.75,-0.75]},"east":{"uv":[5.25,29.25],"uv_size":[1.75,0.75]},"north":{"uv":[94,82],"uv_size":[1,1]},"south":{"uv":[95,82],"uv_size":[-1,1]},"up":{"uv":[9,29],"uv_size":[-1.5,-0.75]},"west":{"uv":[7.5,28.25],"uv_size":[1.5,0.75]}}},{"origin":[32,-25,-0.85],"size":[1,2,2],"uv":{"down":{"uv":[7,30],"uv_size":[-1.75,-0.75]},"east":{"uv":[5.25,29.25],"uv_size":[1.75,0.75]},"north":{"uv":[95,95],"uv_size":[1,2]},"south":{"uv":[96,95],"uv_size":[-1,2]},"up":{"uv":[9,29],"uv_size":[-1.5,-0.75]},"west":{"uv":[7.5,28.25],"uv_size":[1.5,0.75]}}},{"origin":[26,-25,-0.85],"size":[1,2,2],"uv":{"down":{"uv":[7,30],"uv_size":[-1.75,-0.75]},"east":{"uv":[5.25,29.25],"uv_size":[1.75,0.75]},"north":{"uv":[89,95],"uv_size":[1,2]},"south":{"uv":[90,95],"uv_size":[-1,2]},"up":{"uv":[9,29],"uv_size":[-1.5,-0.75]},"west":{"uv":[7.5,28.25],"uv_size":[1.5,0.75]}}},{"origin":[27,-24,-0.85],"size":[1,1,2],"uv":{"down":{"uv":[7,30],"uv_size":[-1.75,-0.75]},"east":{"uv":[5.25,29.25],"uv_size":[1.75,0.75]},"north":{"uv":[90,95],"uv_size":[1,1]},"south":{"uv":[91,95],"uv_size":[-1,1]},"up":{"uv":[9,29],"uv_size":[-1.5,-0.75]},"west":{"uv":[7.5,28.25],"uv_size":[1.5,0.75]}}},{"origin":[31,-24,-0.85],"size":[1,1,2],"uv":{"down":{"uv":[7,30],"uv_size":[-1.75,-0.75]},"east":{"uv":[5.25,29.25],"uv_size":[1.75,0.75]},"north":{"uv":[94,95],"uv_size":[1,1]},"south":{"uv":[95,95],"uv_size":[-1,1]},"up":{"uv":[9,29],"uv_size":[-1.5,-0.75]},"west":{"uv":[7.5,28.25],"uv_size":[1.5,0.75]}}},{"origin":[26,25,-0.85],"size":[1,2,2],"uv":{"down":{"uv":[7,30],"uv_size":[-1.75,-0.75]},"east":{"uv":[5.25,29.25],"uv_size":[1.75,0.75]},"north":{"uv":[89,45],"uv_size":[1,2]},"south":{"uv":[90,45],"uv_size":[-1,2]},"up":{"uv":[9,29],"uv_size":[-1.5,-0.75]},"west":{"uv":[7.5,28.25],"uv_size":[1.5,0.75]}}},{"origin":[27,26,-0.85],"size":[1,1,2],"uv":{"down":{"uv":[7,30],"uv_size":[-1.75,-0.75]},"east":{"uv":[5.25,29.25],"uv_size":[1.75,0.75]},"north":{"uv":[90,45],"uv_size":[1,1]},"south":{"uv":[91,45],"uv_size":[-1,1]},"up":{"uv":[9,29],"uv_size":[-1.5,-0.75]},"west":{"uv":[7.5,28.25],"uv_size":[1.5,0.75]}}},{"origin":[31,26,-0.85],"size":[1,1,2],"uv":{"down":{"uv":[7,30],"uv_size":[-1.75,-0.75]},"east":{"uv":[5.25,29.25],"uv_size":[1.75,0.75]},"north":{"uv":[94,45],"uv_size":[1,1]},"south":{"uv":[95,45],"uv_size":[-1,1]},"up":{"uv":[9,29],"uv_size":[-1.5,-0.75]},"west":{"uv":[7.5,28.25],"uv_size":[1.5,0.75]}}},{"origin":[32,25,-0.85],"size":[1,2,2],"uv":{"down":{"uv":[7,30],"uv_size":[-1.75,-0.75]},"east":{"uv":[5.25,29.25],"uv_size":[1.75,0.75]},"north":{"uv":[95,45],"uv_size":[1,2]},"south":{"uv":[96,45],"uv_size":[-1,2]},"up":{"uv":[9,29],"uv_size":[-1.5,-0.75]},"west":{"uv":[7.5,28.25],"uv_size":[1.5,0.75]}}},{"origin":[32,20,-0.85],"size":[1,2,2],"uv":{"down":{"uv":[7,30],"uv_size":[-1.75,-0.75]},"east":{"uv":[5.25,29.25],"uv_size":[1.75,0.75]},"north":{"uv":[95,50],"uv_size":[1,2]},"south":{"uv":[96,50],"uv_size":[-1,2]},"up":{"uv":[9,29],"uv_size":[-1.5,-0.75]},"west":{"uv":[7.5,28.25],"uv_size":[1.5,0.75]}}},{"origin":[31,20,-0.85],"size":[1,1,2],"uv":{"down":{"uv":[7,30],"uv_size":[-1.75,-0.75]},"east":{"uv":[5.25,29.25],"uv_size":[1.75,0.75]},"north":{"uv":[94,51],"uv_size":[1,1]},"south":{"uv":[95,51],"uv_size":[-1,1]},"up":{"uv":[9,29],"uv_size":[-1.5,-0.75]},"west":{"uv":[7.5,28.25],"uv_size":[1.5,0.75]}}},{"origin":[27,20,-0.85],"size":[1,1,2],"uv":{"down":{"uv":[7,30],"uv_size":[-1.75,-0.75]},"east":{"uv":[5.25,29.25],"uv_size":[1.75,0.75]},"north":{"uv":[90,51],"uv_size":[1,1]},"south":{"uv":[91,51],"uv_size":[-1,1]},"up":{"uv":[9,29],"uv_size":[-1.5,-0.75]},"west":{"uv":[7.5,28.25],"uv_size":[1.5,0.75]}}},{"origin":[26,20,-0.85],"size":[1,2,2],"uv":{"down":{"uv":[7,30],"uv_size":[-1.75,-0.75]},"east":{"uv":[5.25,29.25],"uv_size":[1.75,0.75]},"north":{"uv":[89,50],"uv_size":[1,2]},"south":{"uv":[90,50],"uv_size":[-1,2]},"up":{"uv":[9,29],"uv_size":[-1.5,-0.75]},"west":{"uv":[7.5,28.25],"uv_size":[1.5,0.75]}}},{"origin":[32,39,-0.85],"size":[1,2,2],"uv":{"down":{"uv":[7,30],"uv_size":[-1.75,-0.75]},"east":{"uv":[5.25,29.25],"uv_size":[1.75,0.75]},"north":{"uv":[95,31],"uv_size":[1,2]},"south":{"uv":[96,31],"uv_size":[-1,2]},"up":{"uv":[9,29],"uv_size":[-1.5,-0.75]},"west":{"uv":[7.5,28.25],"uv_size":[1.5,0.75]}}},{"origin":[31,39,-0.85],"size":[1,1,2],"uv":{"down":{"uv":[7,30],"uv_size":[-1.75,-0.75]},"east":{"uv":[5.25,29.25],"uv_size":[1.75,0.75]},"north":{"uv":[94,32],"uv_size":[1,1]},"south":{"uv":[95,32],"uv_size":[-1,1]},"up":{"uv":[9,29],"uv_size":[-1.5,-0.75]},"west":{"uv":[7.5,28.25],"uv_size":[1.5,0.75]}}},{"origin":[26,39,-0.85],"size":[1,2,2],"uv":{"down":{"uv":[7,30],"uv_size":[-1.75,-0.75]},"east":{"uv":[5.25,29.25],"uv_size":[1.75,0.75]},"north":{"uv":[89,31],"uv_size":[1,2]},"south":{"uv":[90,31],"uv_size":[-1,2]},"up":{"uv":[9,29],"uv_size":[-1.5,-0.75]},"west":{"uv":[7.5,28.25],"uv_size":[1.5,0.75]}}},{"origin":[27,39,-0.85],"size":[1,1,2],"uv":{"down":{"uv":[7,30],"uv_size":[-1.75,-0.75]},"east":{"uv":[5.25,29.25],"uv_size":[1.75,0.75]},"north":{"uv":[90,32],"uv_size":[1,1]},"south":{"uv":[91,32],"uv_size":[-1,1]},"up":{"uv":[9,29],"uv_size":[-1.5,-0.75]},"west":{"uv":[7.5,28.25],"uv_size":[1.5,0.75]}}},{"origin":[-62,-22,-0.85],"size":[6,60,2],"uv":{"down":{"uv":[7,30],"uv_size":[-1.75,-0.75]},"east":{"uv":[5.25,29.5],"uv_size":[1.75,0.5]},"north":{"uv":[1,34],"uv_size":[6,60]},"south":{"uv":[7,34],"uv_size":[-6,60]},"up":{"uv":[9,29],"uv_size":[-1.5,-0.75]},"west":{"uv":[7.5,28.25],"uv_size":[1.5,0.75]}}},{"origin":[-59,38,-0.85],"size":[3,4,2],"uv":{"down":{"uv":[7,30],"uv_size":[-1.75,-0.75]},"east":{"uv":[5.25,29.25],"uv_size":[1.75,0.75]},"north":{"uv":[4,30],"uv_size":[3,4]},"south":{"uv":[7,30],"uv_size":[-3,4]},"up":{"uv":[9,29],"uv_size":[-1.5,-0.75]},"west":{"uv":[7.5,28.25],"uv_size":[1.5,0.75]}}},{"origin":[-61,38,-0.85],"size":[2,2,2],"uv":{"down":{"uv":[7,30],"uv_size":[-1.75,-0.75]},"east":{"uv":[5.25,29.25],"uv_size":[1.75,0.75]},"north":{"uv":[2,32],"uv_size":[2,2]},"south":{"uv":[4,32],"uv_size":[-2,2]},"up":{"uv":[9,29],"uv_size":[-1.5,-0.75]},"west":{"uv":[7.5,28.25],"uv_size":[1.5,0.75]}}},{"origin":[-60,40,-0.85],"size":[1,1,2],"uv":{"down":{"uv":[7,30],"uv_size":[-1.75,-0.75]},"east":{"uv":[5.25,29.25],"uv_size":[1.75,0.75]},"north":{"uv":[3,31],"uv_size":[1,1]},"south":{"uv":[3,31],"uv_size":[1,1]},"up":{"uv":[9,29],"uv_size":[-1.5,-0.75]},"west":{"uv":[7.5,28.25],"uv_size":[1.5,0.75]}}},{"origin":[-58,42,-0.85],"size":[2,1,2],"uv":{"down":{"uv":[7,30],"uv_size":[-1.75,-0.75]},"east":{"uv":[5.25,29.25],"uv_size":[1.75,0.75]},"north":{"uv":[3,31],"uv_size":[1,1]},"south":{"uv":[3,31],"uv_size":[1,1]},"up":{"uv":[9,29],"uv_size":[-1.5,-0.75]},"west":{"uv":[7.5,28.25],"uv_size":[1.5,0.75]}}},{"origin":[-59,-27.5,-0.85],"pivot":[-58.5,-24.75,0.15],"rotation":[180,0,0],"size":[3,4,2],"uv":{"down":{"uv":[7,30],"uv_size":[-1.75,-0.75]},"east":{"uv":[5.25,29.25],"uv_size":[1.75,0.75]},"north":{"uv":[4,30],"uv_size":[3,4]},"south":{"uv":[7,30],"uv_size":[-3,4]},"up":{"uv":[9,29],"uv_size":[-1.5,-0.75]},"west":{"uv":[7.5,28.25],"uv_size":[1.5,0.75]}}},{"origin":[-61,-27.5,-0.85],"pivot":[-58.5,-24.75,0.15],"rotation":[180,0,0],"size":[2,2,2],"uv":{"down":{"uv":[7,30],"uv_size":[-1.75,-0.75]},"east":{"uv":[5.25,29.25],"uv_size":[1.75,0.75]},"north":{"uv":[2,32],"uv_size":[2,2]},"south":{"uv":[4,32],"uv_size":[-2,2]},"up":{"uv":[9,29],"uv_size":[-1.5,-0.75]},"west":{"uv":[7.5,28.25],"uv_size":[1.5,0.75]}}},{"origin":[-60,-25.5,-0.85],"pivot":[-58.5,-24.75,0.15],"rotation":[180,0,0],"size":[1,1,2],"uv":{"down":{"uv":[7,30],"uv_size":[-1.75,-0.75]},"east":{"uv":[5.25,29.25],"uv_size":[1.75,0.75]},"north":{"uv":[3,31],"uv_size":[1,1]},"south":{"uv":[3,31],"uv_size":[1,1]},"up":{"uv":[9,29],"uv_size":[-1.5,-0.75]},"west":{"uv":[7.5,28.25],"uv_size":[1.5,0.75]}}},{"origin":[-58,-23.5,-0.85],"pivot":[-58.5,-24.75,0.15],"rotation":[180,0,0],"size":[2,1,2],"uv":{"down":{"uv":[7,30],"uv_size":[-1.75,-0.75]},"east":{"uv":[5.25,29.25],"uv_size":[1.75,0.75]},"north":{"uv":[3,31],"uv_size":[1,1]},"south":{"uv":[3,31],"uv_size":[1,1]},"up":{"uv":[9,29],"uv_size":[-1.5,-0.75]},"west":{"uv":[7.5,28.25],"uv_size":[1.5,0.75]}}}],"name":"root_item","pivot":[-13.03409,8,0.15]}],"description":{"identifier":"geometry.battlepass","texture_height":128,"texture_width":128,"visible_bounds_height":6,"visible_bounds_offset":[0,1,0],"visible_bounds_width":9}}]}