{"format_version":"1.21.0","minecraft:geometry":[{"bones":[{"binding":"q.item_slot_to_bone_name(c.item_slot)","name":"expbottle","pivot":[0,0,0]},{"cubes":[{"origin":[-2,7,-2.25],"size":[1,1,4.5],"uv":[0,8]},{"origin":[-3,9,-2.25],"size":[1,1,4.5],"uv":[0,8]},{"origin":[1,4,-2.25],"size":[1,1,4.5],"uv":[0,8]},{"origin":[0,7,-2.25],"size":[3,3,4.5],"uv":[1,1]},{"origin":[-3,3,-2.25],"size":[3,3,4.5],"uv":[1,1]},{"origin":[-3,13,-3],"size":[6,2,6],"uv":[40,0]},{"origin":[2,10,-2],"size":[1,1,4],"uv":[44,18]},{"origin":[-3,10,-2],"size":[1,1,4],"uv":{"down":{"uv":[58,22],"uv_size":[1,-4]},"east":{"uv":[54,22],"uv_size":[4,1]},"north":{"uv":[58,22],"uv_size":[1,1]},"south":{"uv":[63,22],"uv_size":[1,1]},"up":{"uv":[58,18],"uv_size":[1,4]},"west":{"uv":[59,22],"uv_size":[4,1]}}},{"origin":[-4,9,-2],"size":[1,1,4],"uv":{"down":{"uv":[59,48],"uv_size":[1,-4]},"east":{"uv":[54,48],"uv_size":[4,1]},"north":{"uv":[58,48],"uv_size":[1,1]},"south":{"uv":[63,48],"uv_size":[1,1]},"up":{"uv":[58,44],"uv_size":[1,4]},"west":{"uv":[59,48],"uv_size":[4,1]}}},{"origin":[3,9,-2],"size":[1,1,4],"uv":[47,8]},{"origin":[4,8,-2],"size":[1,1,4],"uv":[33,44]},{"origin":[-5,8,-2],"size":[1,1,4],"uv":[43,44]},{"origin":[-4,0,-2],"size":[8,1,4],"uv":[40,28]},{"origin":[-5,1,-2],"size":[10,7,4],"uv":{"down":{"uv":[50,37],"uv_size":[10,-4]},"east":{"uv":[36,37],"uv_size":[4,7]},"north":{"uv":[40,37],"uv_size":[10,7]},"south":{"uv":[54,37],"uv_size":[10,7]},"up":{"uv":[50,37],"uv_rotation":180,"uv_size":[-10,4]},"west":{"uv":[50,37],"uv_size":[4,7]}}},{"origin":[-2,11,-2],"size":[4,6,4],"uv":[48,54]}],"name":"expbottle2","parent":"expbottle","pivot":[0,17,0]}],"description":{"identifier":"geometry.custom_experience_bottle","texture_height":64,"texture_width":64,"visible_bounds_height":2.5,"visible_bounds_offset":[0,0.75,0],"visible_bounds_width":3}}]}