{"animations":{"animation.custom_experience_bottle.first_person_hold":{"bones":{"expbottle":{"position":[-12.5,27,-3.5],"rotation":[43.39345,62.64899,-28.02181],"scale":0.4},"expbottle2":{"position":[3.91188,-42.64403,-14.10752],"rotation":[66.34735,21.27639,40.60745]},"root_item":{"position":[9,18,5],"rotation":[90,56,-32]}},"loop":true},"animation.custom_experience_bottle.third_person_hold":{"bones":{"expbottle":{"position":[0.5,20,-3.5],"rotation":[25,0,0],"scale":0.4},"expbottle2":{"position":[-1,-5,-10],"rotation":[60,0,0]},"root_item":{"position":[0.5,19,-2.5],"rotation":[25,0,0],"scale":0.85}},"loop":true}},"format_version":"1.8.0"}