{"format_version":"1.19.0","minecraft:geometry":[{"bones":[{"binding":"q.item_slot_to_bone_name(c.item_slot)","name":"root_item","pivot":[0,0,0]},{"cubes":[{"origin":[-8,0,-7],"size":[1,10,14],"uv":[12,0]},{"origin":[7,0,-7],"size":[1,10,14],"uv":[12,0]},{"origin":[-7,0,-7],"size":[14,1,14],"uv":[0,5]},{"origin":[-9,0,7],"size":[18,10,1],"uv":[4,12]},{"origin":[-9,0,-8],"size":[18,10,1],"uv":[4,12]},{"origin":[4,1,-8.25],"size":[2,9,0.25],"uv":[27,74]},{"origin":[6.75,8.3,-6.75],"size":[1.5,4.25,13.5],"uv":[0,75]},{"origin":[-8.25,8.3,-6.75],"size":[1.5,4.25,13.5],"uv":[8,71]},{"origin":[-9.25,-0.25,6.75],"size":[18.5,1.25,1.5],"uv":[15,84]},{"origin":[-9.25,-0.25,-8.25],"size":[18.5,1.25,1.5],"uv":[2,77]},{"origin":[-8.25,-0.25,-7],"size":[16.5,1.25,13.75],"uv":[0,74]},{"origin":[-6,1,-8.25],"size":[2,8,0.25],"uv":[27,74]},{"origin":[-9.275,8.3,-8.275],"size":[18.55,4.25,1.55],"uv":[3,91]},{"origin":[-9.275,8.3,6.725],"size":[18.55,4.25,1.55],"uv":[15,76]},{"origin":[4,1,8],"size":[2,7.5,0.25],"uv":[2,78]},{"origin":[-6,1,8],"size":[2,7.5,0.25],"uv":[8,77]},{"origin":[-9,15,-8],"size":[18,1,16],"uv":[0,0]},{"origin":[-6,16,-8],"size":[2,0.25,16],"uv":[-8,70]},{"origin":[4,16,-8],"size":[2,0.25,16],"uv":[-7,71]},{"origin":[7,10,-7],"size":[1,5,14],"uv":[17,7]},{"origin":[-8,10,-7],"size":[1,5,14],"uv":[17,7]},{"origin":[-9,10,-8],"size":[18,5,1],"uv":[8,20]},{"origin":[4,12.25,8],"size":[2,4,0.25],"uv":[22,86]},{"origin":[-6,12.25,8],"size":[2,4,0.25],"uv":[22,86]},{"origin":[4,12.25,-8.25],"size":[2,4,0.25],"uv":[22,86]},{"origin":[-1.25,8.05,-9.5],"size":[2.5,5.25,1.5],"uv":[37,86]},{"origin":[-2.40416,6.22218,-9.25],"pivot":[-3.65416,8.37218,8],"rotation":[0,0,-45],"size":[1,1,1],"uv":[40,87]},{"origin":[-3.95711,6.44289,-9.25],"pivot":[-2.45711,7.94289,-8.75],"rotation":[0,0,-90],"size":[2,1,1],"uv":[39,87]},{"origin":[-7.45711,3.34289,-9.35],"pivot":[-2.45711,7.94289,-8.75],"rotation":[0,0,-90],"size":[3.5,4.2,1.2],"uv":[0,96]},{"origin":[-6,12.25,-8.25],"size":[2,4,0.25],"uv":[22,86]},{"origin":[-9,10,7],"size":[18,5,1],"uv":[19,21]},{"mirror":true,"origin":[1.40416,6.22218,-9.25],"pivot":[3.65416,8.37218,8],"rotation":[0,0,45],"size":[1,1,1],"uv":[40,87]},{"mirror":true,"origin":[1.95711,6.44289,-9.25],"pivot":[2.45711,7.94289,-8.75],"rotation":[0,0,90],"size":[2,1,1],"uv":[39,87]}],"name":"case","parent":"root_item","pivot":[0,0,0]},{"cubes":[{"origin":[-8.25,1.7,-1.95],"size":[16.5,0.4,0.4],"uv":{"down":{"uv":[76,79],"uv_size":[-1,-1]},"east":{"uv":[75,78],"uv_size":[1,1]},"north":{"uv":[75,78],"uv_size":[1,1]},"south":{"uv":[75,78],"uv_size":[1,1]},"up":{"uv":[76,79],"uv_size":[-1,-1]},"west":{"uv":[75,78],"uv_size":[1,1]}}},{"origin":[-8.25,1.7,-1.55],"size":[16.5,0.4,0.4],"uv":{"down":{"uv":[77,79],"uv_size":[-1,-1]},"east":{"uv":[76,78],"uv_size":[1,1]},"north":{"uv":[76,78],"uv_size":[1,1]},"south":{"uv":[76,78],"uv_size":[1,1]},"up":{"uv":[77,79],"uv_size":[-1,-1]},"west":{"uv":[76,78],"uv_size":[1,1]}}},{"origin":[-8.25,1.7,-1.15],"size":[16.5,0.4,0.4],"uv":{"down":{"uv":[78,79],"uv_size":[-1,-1]},"east":{"uv":[77,78],"uv_size":[1,1]},"north":{"uv":[77,78],"uv_size":[1,1]},"south":{"uv":[77,78],"uv_size":[1,1]},"up":{"uv":[78,79],"uv_size":[-1,-1]},"west":{"uv":[77,78],"uv_size":[1,1]}}},{"origin":[-8.25,1.7,0.05],"size":[16.5,0.4,0.4],"uv":{"down":{"uv":[81,79],"uv_size":[-1,-1]},"east":{"uv":[80,78],"uv_size":[1,1]},"north":{"uv":[80,78],"uv_size":[1,1]},"south":{"uv":[80,78],"uv_size":[1,1]},"up":{"uv":[81,79],"uv_size":[-1,-1]},"west":{"uv":[80,78],"uv_size":[1,1]}}},{"origin":[-8.25,1.7,0.45],"size":[16.5,0.4,0.4],"uv":{"down":{"uv":[82,79],"uv_size":[-1,-1]},"east":{"uv":[81,78],"uv_size":[1,1]},"north":{"uv":[81,78],"uv_size":[1,1]},"south":{"uv":[81,78],"uv_size":[1,1]},"up":{"uv":[82,79],"uv_size":[-1,-1]},"west":{"uv":[81,78],"uv_size":[1,1]}}},{"origin":[-8.25,1.7,0.85],"size":[16.5,0.4,0.4],"uv":{"down":{"uv":[83,79],"uv_size":[-1,-1]},"east":{"uv":[82,78],"uv_size":[1,1]},"north":{"uv":[82,78],"uv_size":[1,1]},"south":{"uv":[82,78],"uv_size":[1,1]},"up":{"uv":[83,79],"uv_size":[-1,-1]},"west":{"uv":[82,78],"uv_size":[1,1]}}},{"origin":[-8.25,1.7,1.25],"size":[16.5,0.4,0.4],"uv":{"down":{"uv":[84,79],"uv_size":[-1,-1]},"east":{"uv":[83,78],"uv_size":[1,1]},"north":{"uv":[83,78],"uv_size":[1,1]},"south":{"uv":[83,78],"uv_size":[1,1]},"up":{"uv":[84,79],"uv_size":[-1,-1]},"west":{"uv":[83,78],"uv_size":[1,1]}}},{"origin":[-8.25,2.5,2.05],"size":[16.5,0.4,0.4],"uv":{"down":{"uv":[86,77],"uv_size":[-1,-1]},"east":{"uv":[85,76],"uv_size":[1,1]},"north":{"uv":[85,76],"uv_size":[1,1]},"south":{"uv":[85,76],"uv_size":[1,1]},"up":{"uv":[86,77],"uv_size":[-1,-1]},"west":{"uv":[85,76],"uv_size":[1,1]}}},{"origin":[-8.25,2.5,1.65],"size":[16.5,0.4,0.4],"uv":{"down":{"uv":[85,77],"uv_size":[-1,-1]},"east":{"uv":[84,76],"uv_size":[1,1]},"north":{"uv":[84,76],"uv_size":[1,1]},"south":{"uv":[84,76],"uv_size":[1,1]},"up":{"uv":[85,77],"uv_size":[-1,-1]},"west":{"uv":[84,76],"uv_size":[1,1]}}},{"origin":[-8.25,2.5,1.25],"size":[16.5,0.4,0.4],"uv":{"down":{"uv":[84,77],"uv_size":[-1,-1]},"east":{"uv":[83,76],"uv_size":[1,1]},"north":{"uv":[83,76],"uv_size":[1,1]},"south":{"uv":[83,76],"uv_size":[1,1]},"up":{"uv":[84,77],"uv_size":[-1,-1]},"west":{"uv":[83,76],"uv_size":[1,1]}}},{"origin":[-8.25,2.5,0.85],"size":[16.5,0.4,0.4],"uv":{"down":{"uv":[83,77],"uv_size":[-1,-1]},"east":{"uv":[82,76],"uv_size":[1,1]},"north":{"uv":[82,76],"uv_size":[1,1]},"south":{"uv":[82,76],"uv_size":[1,1]},"up":{"uv":[83,77],"uv_size":[-1,-1]},"west":{"uv":[82,76],"uv_size":[1,1]}}},{"origin":[-8.25,2.5,0.45],"size":[16.5,0.4,0.4],"uv":{"down":{"uv":[82,77],"uv_size":[-1,-1]},"east":{"uv":[81,76],"uv_size":[1,1]},"north":{"uv":[81,76],"uv_size":[1,1]},"south":{"uv":[81,76],"uv_size":[1,1]},"up":{"uv":[82,77],"uv_size":[-1,-1]},"west":{"uv":[81,76],"uv_size":[1,1]}}},{"origin":[-8.25,2.5,0.05],"size":[16.5,0.4,0.4],"uv":{"down":{"uv":[81,77],"uv_size":[-1,-1]},"east":{"uv":[80,76],"uv_size":[1,1]},"north":{"uv":[80,76],"uv_size":[1,1]},"south":{"uv":[80,76],"uv_size":[1,1]},"up":{"uv":[81,77],"uv_size":[-1,-1]},"west":{"uv":[80,76],"uv_size":[1,1]}}},{"origin":[-8.25,2.5,-0.35],"size":[16.5,0.4,0.4],"uv":{"down":{"uv":[80,77],"uv_size":[-1,-1]},"east":{"uv":[79,76],"uv_size":[1,1]},"north":{"uv":[79,76],"uv_size":[1,1]},"south":{"uv":[79,76],"uv_size":[1,1]},"up":{"uv":[80,77],"uv_size":[-1,-1]},"west":{"uv":[79,76],"uv_size":[1,1]}}},{"origin":[-8.25,2.5,-0.75],"size":[16.5,0.4,0.4],"uv":{"down":{"uv":[79,77],"uv_size":[-1,-1]},"east":{"uv":[78,76],"uv_size":[1,1]},"north":{"uv":[78,76],"uv_size":[1,1]},"south":{"uv":[78,76],"uv_size":[1,1]},"up":{"uv":[79,77],"uv_size":[-1,-1]},"west":{"uv":[78,76],"uv_size":[1,1]}}},{"origin":[-8.25,2.5,-1.15],"size":[16.5,0.4,0.4],"uv":{"down":{"uv":[78,77],"uv_size":[-1,-1]},"east":{"uv":[77,76],"uv_size":[1,1]},"north":{"uv":[77,76],"uv_size":[1,1]},"south":{"uv":[77,76],"uv_size":[1,1]},"up":{"uv":[78,77],"uv_size":[-1,-1]},"west":{"uv":[77,76],"uv_size":[1,1]}}},{"origin":[-8.25,2.5,-1.55],"size":[16.5,0.4,0.4],"uv":{"down":{"uv":[77,77],"uv_size":[-1,-1]},"east":{"uv":[76,76],"uv_size":[1,1]},"north":{"uv":[76,76],"uv_size":[1,1]},"south":{"uv":[76,76],"uv_size":[1,1]},"up":{"uv":[77,77],"uv_size":[-1,-1]},"west":{"uv":[76,76],"uv_size":[1,1]}}},{"origin":[-8.25,2.5,-1.95],"size":[16.5,0.4,0.4],"uv":{"down":{"uv":[76,77],"uv_size":[-1,-1]},"east":{"uv":[75,76],"uv_size":[1,1]},"north":{"uv":[75,76],"uv_size":[1,1]},"south":{"uv":[75,76],"uv_size":[1,1]},"up":{"uv":[76,77],"uv_size":[-1,-1]},"west":{"uv":[75,76],"uv_size":[1,1]}}},{"origin":[-8.25,2.5,-2.35],"size":[16.5,0.4,0.4],"uv":{"down":{"uv":[75,77],"uv_size":[-1,-1]},"east":{"uv":[74,76],"uv_size":[1,1]},"north":{"uv":[74,76],"uv_size":[1,1]},"south":{"uv":[74,76],"uv_size":[1,1]},"up":{"uv":[75,77],"uv_size":[-1,-1]},"west":{"uv":[74,76],"uv_size":[1,1]}}},{"origin":[-8.25,2.5,-2.75],"size":[16.5,0.4,0.4],"uv":{"down":{"uv":[74,77],"uv_size":[-1,-1]},"east":{"uv":[73,76],"uv_size":[1,1]},"north":{"uv":[73,76],"uv_size":[1,1]},"south":{"uv":[73,76],"uv_size":[1,1]},"up":{"uv":[74,77],"uv_size":[-1,-1]},"west":{"uv":[73,76],"uv_size":[1,1]}}},{"origin":[-8.25,2.1,1.65],"size":[16.5,0.4,0.4],"uv":{"down":{"uv":[85,78],"uv_size":[-1,-1]},"east":{"uv":[84,77],"uv_size":[1,1]},"north":{"uv":[84,77],"uv_size":[1,1]},"south":{"uv":[84,77],"uv_size":[1,1]},"up":{"uv":[85,78],"uv_size":[-1,-1]},"west":{"uv":[84,77],"uv_size":[1,1]}}},{"origin":[-8.25,2.1,1.25],"size":[16.5,0.4,0.4],"uv":{"down":{"uv":[84,78],"uv_size":[-1,-1]},"east":{"uv":[83,77],"uv_size":[1,1]},"north":{"uv":[83,77],"uv_size":[1,1]},"south":{"uv":[83,77],"uv_size":[1,1]},"up":{"uv":[84,78],"uv_size":[-1,-1]},"west":{"uv":[83,77],"uv_size":[1,1]}}},{"origin":[-8.25,2.1,0.85],"size":[16.5,0.4,0.4],"uv":{"down":{"uv":[83,78],"uv_size":[-1,-1]},"east":{"uv":[82,77],"uv_size":[1,1]},"north":{"uv":[82,77],"uv_size":[1,1]},"south":{"uv":[82,77],"uv_size":[1,1]},"up":{"uv":[83,78],"uv_size":[-1,-1]},"west":{"uv":[82,77],"uv_size":[1,1]}}},{"origin":[-8.25,2.1,0.45],"size":[16.5,0.4,0.4],"uv":{"down":{"uv":[82,78],"uv_size":[-1,-1]},"east":{"uv":[81,77],"uv_size":[1,1]},"north":{"uv":[81,77],"uv_size":[1,1]},"south":{"uv":[81,77],"uv_size":[1,1]},"up":{"uv":[82,78],"uv_size":[-1,-1]},"west":{"uv":[81,77],"uv_size":[1,1]}}},{"origin":[-8.25,2.1,0.05],"size":[16.5,0.4,0.4],"uv":{"down":{"uv":[81,78],"uv_size":[-1,-1]},"east":{"uv":[80,77],"uv_size":[1,1]},"north":{"uv":[80,77],"uv_size":[1,1]},"south":{"uv":[80,77],"uv_size":[1,1]},"up":{"uv":[81,78],"uv_size":[-1,-1]},"west":{"uv":[80,77],"uv_size":[1,1]}}},{"origin":[-8.25,2.1,-0.35],"size":[16.5,0.4,0.4],"uv":{"down":{"uv":[80,78],"uv_size":[-1,-1]},"east":{"uv":[79,77],"uv_size":[1,1]},"north":{"uv":[79,77],"uv_size":[1,1]},"south":{"uv":[79,77],"uv_size":[1,1]},"up":{"uv":[80,78],"uv_size":[-1,-1]},"west":{"uv":[79,77],"uv_size":[1,1]}}},{"origin":[-8.25,2.1,-1.55],"size":[16.5,0.4,0.4],"uv":{"down":{"uv":[77,78],"uv_size":[-1,-1]},"east":{"uv":[76,77],"uv_size":[1,1]},"north":{"uv":[76,77],"uv_size":[1,1]},"south":{"uv":[76,77],"uv_size":[1,1]},"up":{"uv":[77,78],"uv_size":[-1,-1]},"west":{"uv":[76,77],"uv_size":[1,1]}}},{"origin":[-8.25,2.1,-1.15],"size":[16.5,0.4,0.4],"uv":{"down":{"uv":[78,78],"uv_size":[-1,-1]},"east":{"uv":[77,77],"uv_size":[1,1]},"north":{"uv":[77,77],"uv_size":[1,1]},"south":{"uv":[77,77],"uv_size":[1,1]},"up":{"uv":[78,78],"uv_size":[-1,-1]},"west":{"uv":[77,77],"uv_size":[1,1]}}},{"origin":[-8.25,2.1,-0.75],"size":[16.5,0.4,0.4],"uv":{"down":{"uv":[79,78],"uv_size":[-1,-1]},"east":{"uv":[78,77],"uv_size":[1,1]},"north":{"uv":[78,77],"uv_size":[1,1]},"south":{"uv":[78,77],"uv_size":[1,1]},"up":{"uv":[79,78],"uv_size":[-1,-1]},"west":{"uv":[78,77],"uv_size":[1,1]}}},{"origin":[-8.25,2.1,-1.95],"size":[16.5,0.4,0.4],"uv":{"down":{"uv":[76,78],"uv_size":[-1,-1]},"east":{"uv":[75,77],"uv_size":[1,1]},"north":{"uv":[75,77],"uv_size":[1,1]},"south":{"uv":[75,77],"uv_size":[1,1]},"up":{"uv":[76,78],"uv_size":[-1,-1]},"west":{"uv":[75,77],"uv_size":[1,1]}}},{"origin":[-8.25,2.1,-2.35],"size":[16.5,0.4,0.4],"uv":{"down":{"uv":[75,78],"uv_size":[-1,-1]},"east":{"uv":[74,77],"uv_size":[1,1]},"north":{"uv":[74,77],"uv_size":[1,1]},"south":{"uv":[74,77],"uv_size":[1,1]},"up":{"uv":[75,78],"uv_size":[-1,-1]},"west":{"uv":[74,77],"uv_size":[1,1]}}},{"origin":[-8.25,3.7,-2.75],"size":[16.5,0.4,0.4],"uv":{"down":{"uv":[74,74],"uv_size":[-1,-1]},"east":{"uv":[73,73],"uv_size":[1,1]},"north":{"uv":[73,73],"uv_size":[1,1]},"south":{"uv":[73,73],"uv_size":[1,1]},"up":{"uv":[74,74],"uv_size":[-1,-1]},"west":{"uv":[73,73],"uv_size":[1,1]}}},{"origin":[-8.25,3.7,-2.35],"size":[16.5,0.4,0.4],"uv":{"down":{"uv":[75,74],"uv_size":[-1,-1]},"east":{"uv":[74,73],"uv_size":[1,1]},"north":{"uv":[74,73],"uv_size":[1,1]},"south":{"uv":[74,73],"uv_size":[1,1]},"up":{"uv":[75,74],"uv_size":[-1,-1]},"west":{"uv":[74,73],"uv_size":[1,1]}}},{"origin":[-8.25,3.7,-1.95],"size":[16.5,0.4,0.4],"uv":{"down":{"uv":[76,74],"uv_size":[-1,-1]},"east":{"uv":[75,73],"uv_size":[1,1]},"north":{"uv":[75,73],"uv_size":[1,1]},"south":{"uv":[75,73],"uv_size":[1,1]},"up":{"uv":[76,74],"uv_size":[-1,-1]},"west":{"uv":[75,73],"uv_size":[1,1]}}},{"origin":[-8.25,3.7,-0.75],"size":[16.5,0.4,0.4],"uv":{"down":{"uv":[79,74],"uv_size":[-1,-1]},"east":{"uv":[78,73],"uv_size":[1,1]},"north":{"uv":[78,73],"uv_size":[1,1]},"south":{"uv":[78,73],"uv_size":[1,1]},"up":{"uv":[79,74],"uv_size":[-1,-1]},"west":{"uv":[78,73],"uv_size":[1,1]}}},{"origin":[-8.25,3.7,-1.15],"size":[16.5,0.4,0.4],"uv":{"down":{"uv":[78,74],"uv_size":[-1,-1]},"east":{"uv":[77,73],"uv_size":[1,1]},"north":{"uv":[77,73],"uv_size":[1,1]},"south":{"uv":[77,73],"uv_size":[1,1]},"up":{"uv":[78,74],"uv_size":[-1,-1]},"west":{"uv":[77,73],"uv_size":[1,1]}}},{"origin":[-8.25,3.7,-1.55],"size":[16.5,0.4,0.4],"uv":{"down":{"uv":[77,74],"uv_size":[-1,-1]},"east":{"uv":[76,73],"uv_size":[1,1]},"north":{"uv":[76,73],"uv_size":[1,1]},"south":{"uv":[76,73],"uv_size":[1,1]},"up":{"uv":[77,74],"uv_size":[-1,-1]},"west":{"uv":[76,73],"uv_size":[1,1]}}},{"origin":[-8.25,3.7,-0.35],"size":[16.5,0.4,0.4],"uv":{"down":{"uv":[80,74],"uv_size":[-1,-1]},"east":{"uv":[79,73],"uv_size":[1,1]},"north":{"uv":[79,73],"uv_size":[1,1]},"south":{"uv":[79,73],"uv_size":[1,1]},"up":{"uv":[80,74],"uv_size":[-1,-1]},"west":{"uv":[79,73],"uv_size":[1,1]}}},{"origin":[-8.25,3.7,0.05],"size":[16.5,0.4,0.4],"uv":{"down":{"uv":[81,74],"uv_size":[-1,-1]},"east":{"uv":[80,73],"uv_size":[1,1]},"north":{"uv":[80,73],"uv_size":[1,1]},"south":{"uv":[80,73],"uv_size":[1,1]},"up":{"uv":[81,74],"uv_size":[-1,-1]},"west":{"uv":[80,73],"uv_size":[1,1]}}},{"origin":[-8.25,3.7,0.45],"size":[16.5,0.4,0.4],"uv":{"down":{"uv":[82,74],"uv_size":[-1,-1]},"east":{"uv":[81,73],"uv_size":[1,1]},"north":{"uv":[81,73],"uv_size":[1,1]},"south":{"uv":[81,73],"uv_size":[1,1]},"up":{"uv":[82,74],"uv_size":[-1,-1]},"west":{"uv":[81,73],"uv_size":[1,1]}}},{"origin":[-8.25,3.7,0.85],"size":[16.5,0.4,0.4],"uv":{"down":{"uv":[83,74],"uv_size":[-1,-1]},"east":{"uv":[82,73],"uv_size":[1,1]},"north":{"uv":[82,73],"uv_size":[1,1]},"south":{"uv":[82,73],"uv_size":[1,1]},"up":{"uv":[83,74],"uv_size":[-1,-1]},"west":{"uv":[82,73],"uv_size":[1,1]}}},{"origin":[-8.25,3.7,1.25],"size":[16.5,0.4,0.4],"uv":{"down":{"uv":[84,74],"uv_size":[-1,-1]},"east":{"uv":[83,73],"uv_size":[1,1]},"north":{"uv":[83,73],"uv_size":[1,1]},"south":{"uv":[83,73],"uv_size":[1,1]},"up":{"uv":[84,74],"uv_size":[-1,-1]},"west":{"uv":[83,73],"uv_size":[1,1]}}},{"origin":[-8.25,3.7,1.65],"size":[16.5,0.4,0.4],"uv":{"down":{"uv":[85,74],"uv_size":[-1,-1]},"east":{"uv":[84,73],"uv_size":[1,1]},"north":{"uv":[84,73],"uv_size":[1,1]},"south":{"uv":[84,73],"uv_size":[1,1]},"up":{"uv":[85,74],"uv_size":[-1,-1]},"west":{"uv":[84,73],"uv_size":[1,1]}}},{"origin":[-8.25,3.7,2.05],"size":[16.5,0.4,0.4],"uv":{"down":{"uv":[86,74],"uv_size":[-1,-1]},"east":{"uv":[85,73],"uv_size":[1,1]},"north":{"uv":[85,73],"uv_size":[1,1]},"south":{"uv":[85,73],"uv_size":[1,1]},"up":{"uv":[86,74],"uv_size":[-1,-1]},"west":{"uv":[85,73],"uv_size":[1,1]}}},{"origin":[-8.25,3.7,2.45],"size":[16.5,0.4,0.4],"uv":{"down":{"uv":[87,74],"uv_size":[-1,-1]},"east":{"uv":[86,73],"uv_size":[1,1]},"north":{"uv":[86,73],"uv_size":[1,1]},"south":{"uv":[86,73],"uv_size":[1,1]},"up":{"uv":[87,74],"uv_size":[-1,-1]},"west":{"uv":[86,73],"uv_size":[1,1]}}},{"origin":[-8.25,4.1,-2.35],"size":[16.5,0.4,0.4],"uv":{"down":{"uv":[75,73],"uv_size":[-1,-1]},"east":{"uv":[74,72],"uv_size":[1,1]},"north":{"uv":[74,72],"uv_size":[1,1]},"south":{"uv":[74,72],"uv_size":[1,1]},"up":{"uv":[75,73],"uv_size":[-1,-1]},"west":{"uv":[74,72],"uv_size":[1,1]}}},{"origin":[-8.25,4.1,-1.95],"size":[16.5,0.4,0.4],"uv":{"down":{"uv":[76,73],"uv_size":[-1,-1]},"east":{"uv":[75,72],"uv_size":[1,1]},"north":{"uv":[75,72],"uv_size":[1,1]},"south":{"uv":[75,72],"uv_size":[1,1]},"up":{"uv":[76,73],"uv_size":[-1,-1]},"west":{"uv":[75,72],"uv_size":[1,1]}}},{"origin":[-8.25,4.1,-1.55],"size":[16.5,0.4,0.4],"uv":{"down":{"uv":[77,73],"uv_size":[-1,-1]},"east":{"uv":[76,72],"uv_size":[1,1]},"north":{"uv":[76,72],"uv_size":[1,1]},"south":{"uv":[76,72],"uv_size":[1,1]},"up":{"uv":[77,73],"uv_size":[-1,-1]},"west":{"uv":[76,72],"uv_size":[1,1]}}},{"origin":[-8.25,4.1,-1.15],"size":[16.5,0.4,0.4],"uv":{"down":{"uv":[78,73],"uv_size":[-1,-1]},"east":{"uv":[77,72],"uv_size":[1,1]},"north":{"uv":[77,72],"uv_size":[1,1]},"south":{"uv":[77,72],"uv_size":[1,1]},"up":{"uv":[78,73],"uv_size":[-1,-1]},"west":{"uv":[77,72],"uv_size":[1,1]}}},{"origin":[-8.25,4.1,-0.75],"size":[16.5,0.4,0.4],"uv":{"down":{"uv":[79,73],"uv_size":[-1,-1]},"east":{"uv":[78,72],"uv_size":[1,1]},"north":{"uv":[78,72],"uv_size":[1,1]},"south":{"uv":[78,72],"uv_size":[1,1]},"up":{"uv":[79,73],"uv_size":[-1,-1]},"west":{"uv":[78,72],"uv_size":[1,1]}}},{"origin":[-8.25,4.1,-0.35],"size":[16.5,0.4,0.4],"uv":{"down":{"uv":[80,73],"uv_size":[-1,-1]},"east":{"uv":[79,72],"uv_size":[1,1]},"north":{"uv":[79,72],"uv_size":[1,1]},"south":{"uv":[79,72],"uv_size":[1,1]},"up":{"uv":[80,73],"uv_size":[-1,-1]},"west":{"uv":[79,72],"uv_size":[1,1]}}},{"origin":[-8.25,4.1,0.05],"size":[16.5,0.4,0.4],"uv":{"down":{"uv":[81,73],"uv_size":[-1,-1]},"east":{"uv":[80,72],"uv_size":[1,1]},"north":{"uv":[80,72],"uv_size":[1,1]},"south":{"uv":[80,72],"uv_size":[1,1]},"up":{"uv":[81,73],"uv_size":[-1,-1]},"west":{"uv":[80,72],"uv_size":[1,1]}}},{"origin":[-8.25,4.1,0.45],"size":[16.5,0.4,0.4],"uv":{"down":{"uv":[82,73],"uv_size":[-1,-1]},"east":{"uv":[81,72],"uv_size":[1,1]},"north":{"uv":[81,72],"uv_size":[1,1]},"south":{"uv":[81,72],"uv_size":[1,1]},"up":{"uv":[82,73],"uv_size":[-1,-1]},"west":{"uv":[81,72],"uv_size":[1,1]}}},{"origin":[-8.25,4.1,0.85],"size":[16.5,0.4,0.4],"uv":{"down":{"uv":[83,73],"uv_size":[-1,-1]},"east":{"uv":[82,72],"uv_size":[1,1]},"north":{"uv":[82,72],"uv_size":[1,1]},"south":{"uv":[82,72],"uv_size":[1,1]},"up":{"uv":[83,73],"uv_size":[-1,-1]},"west":{"uv":[82,72],"uv_size":[1,1]}}},{"origin":[-8.25,4.1,1.25],"size":[16.5,0.4,0.4],"uv":{"down":{"uv":[84,73],"uv_size":[-1,-1]},"east":{"uv":[83,72],"uv_size":[1,1]},"north":{"uv":[83,72],"uv_size":[1,1]},"south":{"uv":[83,72],"uv_size":[1,1]},"up":{"uv":[84,73],"uv_size":[-1,-1]},"west":{"uv":[83,72],"uv_size":[1,1]}}},{"origin":[-8.25,4.1,1.65],"size":[16.5,0.4,0.4],"uv":{"down":{"uv":[85,73],"uv_size":[-1,-1]},"east":{"uv":[84,72],"uv_size":[1,1]},"north":{"uv":[84,72],"uv_size":[1,1]},"south":{"uv":[84,72],"uv_size":[1,1]},"up":{"uv":[85,73],"uv_size":[-1,-1]},"west":{"uv":[84,72],"uv_size":[1,1]}}},{"origin":[-8.25,4.1,2.05],"size":[16.5,0.4,0.4],"uv":{"down":{"uv":[86,73],"uv_size":[-1,-1]},"east":{"uv":[85,72],"uv_size":[1,1]},"north":{"uv":[85,72],"uv_size":[1,1]},"south":{"uv":[85,72],"uv_size":[1,1]},"up":{"uv":[86,73],"uv_size":[-1,-1]},"west":{"uv":[85,72],"uv_size":[1,1]}}},{"origin":[-8.25,4.1,2.45],"size":[16.5,0.4,0.4],"uv":{"down":{"uv":[87,73],"uv_size":[-1,-1]},"east":{"uv":[86,72],"uv_size":[1,1]},"north":{"uv":[86,72],"uv_size":[1,1]},"south":{"uv":[86,72],"uv_size":[1,1]},"up":{"uv":[87,73],"uv_size":[-1,-1]},"west":{"uv":[86,72],"uv_size":[1,1]}}},{"origin":[-8.25,3.3,2.05],"size":[16.5,0.4,0.4],"uv":{"down":{"uv":[86,75],"uv_size":[-1,-1]},"east":{"uv":[85,74],"uv_size":[1,1]},"north":{"uv":[85,74],"uv_size":[1,1]},"south":{"uv":[85,74],"uv_size":[1,1]},"up":{"uv":[86,75],"uv_size":[-1,-1]},"west":{"uv":[85,74],"uv_size":[1,1]}}},{"origin":[-8.25,3.3,1.65],"size":[16.5,0.4,0.4],"uv":{"down":{"uv":[85,75],"uv_size":[-1,-1]},"east":{"uv":[84,74],"uv_size":[1,1]},"north":{"uv":[84,74],"uv_size":[1,1]},"south":{"uv":[84,74],"uv_size":[1,1]},"up":{"uv":[85,75],"uv_size":[-1,-1]},"west":{"uv":[84,74],"uv_size":[1,1]}}},{"origin":[-8.25,3.3,1.25],"size":[16.5,0.4,0.4],"uv":{"down":{"uv":[84,75],"uv_size":[-1,-1]},"east":{"uv":[83,74],"uv_size":[1,1]},"north":{"uv":[83,74],"uv_size":[1,1]},"south":{"uv":[83,74],"uv_size":[1,1]},"up":{"uv":[84,75],"uv_size":[-1,-1]},"west":{"uv":[83,74],"uv_size":[1,1]}}},{"origin":[-8.25,3.3,0.85],"size":[16.5,0.4,0.4],"uv":{"down":{"uv":[83,75],"uv_size":[-1,-1]},"east":{"uv":[82,74],"uv_size":[1,1]},"north":{"uv":[82,74],"uv_size":[1,1]},"south":{"uv":[82,74],"uv_size":[1,1]},"up":{"uv":[83,75],"uv_size":[-1,-1]},"west":{"uv":[82,74],"uv_size":[1,1]}}},{"origin":[-8.25,3.3,0.45],"size":[16.5,0.4,0.4],"uv":{"down":{"uv":[82,75],"uv_size":[-1,-1]},"east":{"uv":[81,74],"uv_size":[1,1]},"north":{"uv":[81,74],"uv_size":[1,1]},"south":{"uv":[81,74],"uv_size":[1,1]},"up":{"uv":[82,75],"uv_size":[-1,-1]},"west":{"uv":[81,74],"uv_size":[1,1]}}},{"origin":[-8.25,3.3,0.05],"size":[16.5,0.4,0.4],"uv":{"down":{"uv":[81,75],"uv_size":[-1,-1]},"east":{"uv":[80,74],"uv_size":[1,1]},"north":{"uv":[80,74],"uv_size":[1,1]},"south":{"uv":[80,74],"uv_size":[1,1]},"up":{"uv":[81,75],"uv_size":[-1,-1]},"west":{"uv":[80,74],"uv_size":[1,1]}}},{"origin":[-8.25,3.3,-0.35],"size":[16.5,0.4,0.4],"uv":{"down":{"uv":[80,75],"uv_size":[-1,-1]},"east":{"uv":[79,74],"uv_size":[1,1]},"north":{"uv":[79,74],"uv_size":[1,1]},"south":{"uv":[79,74],"uv_size":[1,1]},"up":{"uv":[80,75],"uv_size":[-1,-1]},"west":{"uv":[79,74],"uv_size":[1,1]}}},{"origin":[-8.25,3.3,-0.75],"size":[16.5,0.4,0.4],"uv":{"down":{"uv":[79,75],"uv_size":[-1,-1]},"east":{"uv":[78,74],"uv_size":[1,1]},"north":{"uv":[78,74],"uv_size":[1,1]},"south":{"uv":[78,74],"uv_size":[1,1]},"up":{"uv":[79,75],"uv_size":[-1,-1]},"west":{"uv":[78,74],"uv_size":[1,1]}}},{"origin":[-8.25,3.3,-1.15],"size":[16.5,0.4,0.4],"uv":{"down":{"uv":[78,75],"uv_size":[-1,-1]},"east":{"uv":[77,74],"uv_size":[1,1]},"north":{"uv":[77,74],"uv_size":[1,1]},"south":{"uv":[77,74],"uv_size":[1,1]},"up":{"uv":[78,75],"uv_size":[-1,-1]},"west":{"uv":[77,74],"uv_size":[1,1]}}},{"origin":[-8.25,3.3,-1.55],"size":[16.5,0.4,0.4],"uv":{"down":{"uv":[77,75],"uv_size":[-1,-1]},"east":{"uv":[76,74],"uv_size":[1,1]},"north":{"uv":[76,74],"uv_size":[1,1]},"south":{"uv":[76,74],"uv_size":[1,1]},"up":{"uv":[77,75],"uv_size":[-1,-1]},"west":{"uv":[76,74],"uv_size":[1,1]}}},{"origin":[-8.25,3.3,-1.95],"size":[16.5,0.4,0.4],"uv":{"down":{"uv":[76,75],"uv_size":[-1,-1]},"east":{"uv":[75,74],"uv_size":[1,1]},"north":{"uv":[75,74],"uv_size":[1,1]},"south":{"uv":[75,74],"uv_size":[1,1]},"up":{"uv":[76,75],"uv_size":[-1,-1]},"west":{"uv":[75,74],"uv_size":[1,1]}}},{"origin":[-8.25,3.3,-2.35],"size":[16.5,0.4,0.4],"uv":{"down":{"uv":[75,75],"uv_size":[-1,-1]},"east":{"uv":[74,74],"uv_size":[1,1]},"north":{"uv":[74,74],"uv_size":[1,1]},"south":{"uv":[74,74],"uv_size":[1,1]},"up":{"uv":[75,75],"uv_size":[-1,-1]},"west":{"uv":[74,74],"uv_size":[1,1]}}},{"origin":[-8.25,3.3,-2.75],"size":[16.5,0.4,0.4],"uv":{"down":{"uv":[74,75],"uv_size":[-1,-1]},"east":{"uv":[73,74],"uv_size":[1,1]},"north":{"uv":[73,74],"uv_size":[1,1]},"south":{"uv":[73,74],"uv_size":[1,1]},"up":{"uv":[74,75],"uv_size":[-1,-1]},"west":{"uv":[73,74],"uv_size":[1,1]}}},{"origin":[-8.25,2.9,2.05],"size":[16.5,0.4,0.4],"uv":{"down":{"uv":[86,76],"uv_size":[-1,-1]},"east":{"uv":[85,75],"uv_size":[1,1]},"north":{"uv":[85,75],"uv_size":[1,1]},"south":{"uv":[85,75],"uv_size":[1,1]},"up":{"uv":[86,76],"uv_size":[-1,-1]},"west":{"uv":[85,75],"uv_size":[1,1]}}},{"origin":[-8.25,2.9,1.65],"size":[16.5,0.4,0.4],"uv":{"down":{"uv":[85,76],"uv_size":[-1,-1]},"east":{"uv":[84,75],"uv_size":[1,1]},"north":{"uv":[84,75],"uv_size":[1,1]},"south":{"uv":[84,75],"uv_size":[1,1]},"up":{"uv":[85,76],"uv_size":[-1,-1]},"west":{"uv":[84,75],"uv_size":[1,1]}}},{"origin":[-8.25,2.9,1.25],"size":[16.5,0.4,0.4],"uv":{"down":{"uv":[84,76],"uv_size":[-1,-1]},"east":{"uv":[83,75],"uv_size":[1,1]},"north":{"uv":[83,75],"uv_size":[1,1]},"south":{"uv":[83,75],"uv_size":[1,1]},"up":{"uv":[84,76],"uv_size":[-1,-1]},"west":{"uv":[83,75],"uv_size":[1,1]}}},{"origin":[-8.25,2.9,0.85],"size":[16.5,0.4,0.4],"uv":{"down":{"uv":[83,76],"uv_size":[-1,-1]},"east":{"uv":[82,75],"uv_size":[1,1]},"north":{"uv":[82,75],"uv_size":[1,1]},"south":{"uv":[82,75],"uv_size":[1,1]},"up":{"uv":[83,76],"uv_size":[-1,-1]},"west":{"uv":[82,75],"uv_size":[1,1]}}},{"origin":[-8.25,2.9,0.45],"size":[16.5,0.4,0.4],"uv":{"down":{"uv":[82,76],"uv_size":[-1,-1]},"east":{"uv":[81,75],"uv_size":[1,1]},"north":{"uv":[81,75],"uv_size":[1,1]},"south":{"uv":[81,75],"uv_size":[1,1]},"up":{"uv":[82,76],"uv_size":[-1,-1]},"west":{"uv":[81,75],"uv_size":[1,1]}}},{"origin":[-8.25,2.9,0.05],"size":[16.5,0.4,0.4],"uv":{"down":{"uv":[81,76],"uv_size":[-1,-1]},"east":{"uv":[80,75],"uv_size":[1,1]},"north":{"uv":[80,75],"uv_size":[1,1]},"south":{"uv":[80,75],"uv_size":[1,1]},"up":{"uv":[81,76],"uv_size":[-1,-1]},"west":{"uv":[80,75],"uv_size":[1,1]}}},{"origin":[-8.25,2.9,-0.35],"size":[16.5,0.4,0.4],"uv":{"down":{"uv":[80,76],"uv_size":[-1,-1]},"east":{"uv":[79,75],"uv_size":[1,1]},"north":{"uv":[79,75],"uv_size":[1,1]},"south":{"uv":[79,75],"uv_size":[1,1]},"up":{"uv":[80,76],"uv_size":[-1,-1]},"west":{"uv":[79,75],"uv_size":[1,1]}}},{"origin":[-8.25,2.9,-1.55],"size":[16.5,0.4,0.4],"uv":{"down":{"uv":[77,76],"uv_size":[-1,-1]},"east":{"uv":[76,75],"uv_size":[1,1]},"north":{"uv":[76,75],"uv_size":[1,1]},"south":{"uv":[76,75],"uv_size":[1,1]},"up":{"uv":[77,76],"uv_size":[-1,-1]},"west":{"uv":[76,75],"uv_size":[1,1]}}},{"origin":[-8.25,2.9,-1.15],"size":[16.5,0.4,0.4],"uv":{"down":{"uv":[78,76],"uv_size":[-1,-1]},"east":{"uv":[77,75],"uv_size":[1,1]},"north":{"uv":[77,75],"uv_size":[1,1]},"south":{"uv":[77,75],"uv_size":[1,1]},"up":{"uv":[78,76],"uv_size":[-1,-1]},"west":{"uv":[77,75],"uv_size":[1,1]}}},{"origin":[-8.25,2.9,-0.75],"size":[16.5,0.4,0.4],"uv":{"down":{"uv":[79,76],"uv_size":[-1,-1]},"east":{"uv":[78,75],"uv_size":[1,1]},"north":{"uv":[78,75],"uv_size":[1,1]},"south":{"uv":[78,75],"uv_size":[1,1]},"up":{"uv":[79,76],"uv_size":[-1,-1]},"west":{"uv":[78,75],"uv_size":[1,1]}}},{"origin":[-8.25,2.9,-1.95],"size":[16.5,0.4,0.4],"uv":{"down":{"uv":[76,76],"uv_size":[-1,-1]},"east":{"uv":[75,75],"uv_size":[1,1]},"north":{"uv":[75,75],"uv_size":[1,1]},"south":{"uv":[75,75],"uv_size":[1,1]},"up":{"uv":[76,76],"uv_size":[-1,-1]},"west":{"uv":[75,75],"uv_size":[1,1]}}},{"origin":[-8.25,2.9,-2.35],"size":[16.5,0.4,0.4],"uv":{"down":{"uv":[75,76],"uv_size":[-1,-1]},"east":{"uv":[74,75],"uv_size":[1,1]},"north":{"uv":[74,75],"uv_size":[1,1]},"south":{"uv":[74,75],"uv_size":[1,1]},"up":{"uv":[75,76],"uv_size":[-1,-1]},"west":{"uv":[74,75],"uv_size":[1,1]}}},{"origin":[-8.25,2.9,-2.75],"size":[16.5,0.4,0.4],"uv":{"down":{"uv":[74,76],"uv_size":[-1,-1]},"east":{"uv":[73,75],"uv_size":[1,1]},"north":{"uv":[73,75],"uv_size":[1,1]},"south":{"uv":[73,75],"uv_size":[1,1]},"up":{"uv":[74,76],"uv_size":[-1,-1]},"west":{"uv":[73,75],"uv_size":[1,1]}}},{"origin":[-8.25,6.1,-0.75],"size":[16.5,0.4,0.4],"uv":{"down":{"uv":[79,68],"uv_size":[-1,-1]},"east":{"uv":[78,67],"uv_size":[1,1]},"north":{"uv":[78,67],"uv_size":[1,1]},"south":{"uv":[78,67],"uv_size":[1,1]},"up":{"uv":[79,68],"uv_size":[-1,-1]},"west":{"uv":[78,67],"uv_size":[1,1]}}},{"origin":[-8.25,6.1,-1.15],"size":[16.5,0.4,0.4],"uv":{"down":{"uv":[78,68],"uv_size":[-1,-1]},"east":{"uv":[77,67],"uv_size":[1,1]},"north":{"uv":[77,67],"uv_size":[1,1]},"south":{"uv":[77,67],"uv_size":[1,1]},"up":{"uv":[78,68],"uv_size":[-1,-1]},"west":{"uv":[77,67],"uv_size":[1,1]}}},{"origin":[-8.25,6.1,0.05],"size":[16.5,0.4,0.4],"uv":{"down":{"uv":[81,68],"uv_size":[-1,-1]},"east":{"uv":[80,67],"uv_size":[1,1]},"north":{"uv":[80,67],"uv_size":[1,1]},"south":{"uv":[80,67],"uv_size":[1,1]},"up":{"uv":[81,68],"uv_size":[-1,-1]},"west":{"uv":[80,67],"uv_size":[1,1]}}},{"origin":[-8.25,6.1,0.45],"size":[16.5,0.4,0.4],"uv":{"down":{"uv":[82,68],"uv_size":[-1,-1]},"east":{"uv":[81,67],"uv_size":[1,1]},"north":{"uv":[81,67],"uv_size":[1,1]},"south":{"uv":[81,67],"uv_size":[1,1]},"up":{"uv":[82,68],"uv_size":[-1,-1]},"west":{"uv":[81,67],"uv_size":[1,1]}}},{"origin":[-8.25,6.1,0.85],"size":[16.5,0.4,0.4],"uv":{"down":{"uv":[83,68],"uv_size":[-1,-1]},"east":{"uv":[82,67],"uv_size":[1,1]},"north":{"uv":[82,67],"uv_size":[1,1]},"south":{"uv":[82,67],"uv_size":[1,1]},"up":{"uv":[83,68],"uv_size":[-1,-1]},"west":{"uv":[82,67],"uv_size":[1,1]}}},{"origin":[-8.25,6.1,1.25],"size":[16.5,0.4,0.4],"uv":{"down":{"uv":[84,68],"uv_size":[-1,-1]},"east":{"uv":[83,67],"uv_size":[1,1]},"north":{"uv":[83,67],"uv_size":[1,1]},"south":{"uv":[83,67],"uv_size":[1,1]},"up":{"uv":[84,68],"uv_size":[-1,-1]},"west":{"uv":[83,67],"uv_size":[1,1]}}},{"origin":[-8.25,6.1,1.65],"size":[16.5,0.4,0.4],"uv":{"down":{"uv":[85,68],"uv_size":[-1,-1]},"east":{"uv":[84,67],"uv_size":[1,1]},"north":{"uv":[84,67],"uv_size":[1,1]},"south":{"uv":[84,67],"uv_size":[1,1]},"up":{"uv":[85,68],"uv_size":[-1,-1]},"west":{"uv":[84,67],"uv_size":[1,1]}}},{"origin":[-8.25,6.1,2.05],"size":[16.5,0.4,0.4],"uv":{"down":{"uv":[86,68],"uv_size":[-1,-1]},"east":{"uv":[85,67],"uv_size":[1,1]},"north":{"uv":[85,67],"uv_size":[1,1]},"south":{"uv":[85,67],"uv_size":[1,1]},"up":{"uv":[86,68],"uv_size":[-1,-1]},"west":{"uv":[85,67],"uv_size":[1,1]}}},{"origin":[-8.25,6.1,2.45],"size":[16.5,0.4,0.4],"uv":{"down":{"uv":[87,68],"uv_size":[-1,-1]},"east":{"uv":[86,67],"uv_size":[1,1]},"north":{"uv":[86,67],"uv_size":[1,1]},"south":{"uv":[86,67],"uv_size":[1,1]},"up":{"uv":[87,68],"uv_size":[-1,-1]},"west":{"uv":[86,67],"uv_size":[1,1]}}},{"origin":[-8.25,6.5,0.45],"size":[16.5,0.4,0.4],"uv":{"down":{"uv":[82,67],"uv_size":[-1,-1]},"east":{"uv":[81,66],"uv_size":[1,1]},"north":{"uv":[81,66],"uv_size":[1,1]},"south":{"uv":[81,66],"uv_size":[1,1]},"up":{"uv":[82,67],"uv_size":[-1,-1]},"west":{"uv":[81,66],"uv_size":[1,1]}}},{"origin":[-8.25,6.5,0.85],"size":[16.5,0.4,0.4],"uv":{"down":{"uv":[83,67],"uv_size":[-1,-1]},"east":{"uv":[82,66],"uv_size":[1,1]},"north":{"uv":[82,66],"uv_size":[1,1]},"south":{"uv":[82,66],"uv_size":[1,1]},"up":{"uv":[83,67],"uv_size":[-1,-1]},"west":{"uv":[82,66],"uv_size":[1,1]}}},{"origin":[-8.25,6.5,1.25],"size":[16.5,0.4,0.4],"uv":{"down":{"uv":[84,67],"uv_size":[-1,-1]},"east":{"uv":[83,66],"uv_size":[1,1]},"north":{"uv":[83,66],"uv_size":[1,1]},"south":{"uv":[83,66],"uv_size":[1,1]},"up":{"uv":[84,67],"uv_size":[-1,-1]},"west":{"uv":[83,66],"uv_size":[1,1]}}},{"origin":[-8.25,5.3,-1.95],"size":[16.5,0.4,0.4],"uv":{"down":{"uv":[76,70],"uv_size":[-1,-1]},"east":{"uv":[75,69],"uv_size":[1,1]},"north":{"uv":[75,69],"uv_size":[1,1]},"south":{"uv":[75,69],"uv_size":[1,1]},"up":{"uv":[76,70],"uv_size":[-1,-1]},"west":{"uv":[75,69],"uv_size":[1,1]}}},{"origin":[-8.25,5.3,-0.75],"size":[16.5,0.4,0.4],"uv":{"down":{"uv":[79,70],"uv_size":[-1,-1]},"east":{"uv":[78,69],"uv_size":[1,1]},"north":{"uv":[78,69],"uv_size":[1,1]},"south":{"uv":[78,69],"uv_size":[1,1]},"up":{"uv":[79,70],"uv_size":[-1,-1]},"west":{"uv":[78,69],"uv_size":[1,1]}}},{"origin":[-8.25,5.3,-1.15],"size":[16.5,0.4,0.4],"uv":{"down":{"uv":[78,70],"uv_size":[-1,-1]},"east":{"uv":[77,69],"uv_size":[1,1]},"north":{"uv":[77,69],"uv_size":[1,1]},"south":{"uv":[77,69],"uv_size":[1,1]},"up":{"uv":[78,70],"uv_size":[-1,-1]},"west":{"uv":[77,69],"uv_size":[1,1]}}},{"origin":[-8.25,5.3,-1.55],"size":[16.5,0.4,0.4],"uv":{"down":{"uv":[77,70],"uv_size":[-1,-1]},"east":{"uv":[76,69],"uv_size":[1,1]},"north":{"uv":[76,69],"uv_size":[1,1]},"south":{"uv":[76,69],"uv_size":[1,1]},"up":{"uv":[77,70],"uv_size":[-1,-1]},"west":{"uv":[76,69],"uv_size":[1,1]}}},{"origin":[-8.25,5.3,-0.35],"size":[16.5,0.4,0.4],"uv":{"down":{"uv":[80,70],"uv_size":[-1,-1]},"east":{"uv":[79,69],"uv_size":[1,1]},"north":{"uv":[79,69],"uv_size":[1,1]},"south":{"uv":[79,69],"uv_size":[1,1]},"up":{"uv":[80,70],"uv_size":[-1,-1]},"west":{"uv":[79,69],"uv_size":[1,1]}}},{"origin":[-8.25,5.3,0.05],"size":[16.5,0.4,0.4],"uv":{"down":{"uv":[81,70],"uv_size":[-1,-1]},"east":{"uv":[80,69],"uv_size":[1,1]},"north":{"uv":[80,69],"uv_size":[1,1]},"south":{"uv":[80,69],"uv_size":[1,1]},"up":{"uv":[81,70],"uv_size":[-1,-1]},"west":{"uv":[80,69],"uv_size":[1,1]}}},{"origin":[-8.25,5.3,0.45],"size":[16.5,0.4,0.4],"uv":{"down":{"uv":[82,70],"uv_size":[-1,-1]},"east":{"uv":[81,69],"uv_size":[1,1]},"north":{"uv":[81,69],"uv_size":[1,1]},"south":{"uv":[81,69],"uv_size":[1,1]},"up":{"uv":[82,70],"uv_size":[-1,-1]},"west":{"uv":[81,69],"uv_size":[1,1]}}},{"origin":[-8.25,5.3,0.85],"size":[16.5,0.4,0.4],"uv":{"down":{"uv":[83,70],"uv_size":[-1,-1]},"east":{"uv":[82,69],"uv_size":[1,1]},"north":{"uv":[82,69],"uv_size":[1,1]},"south":{"uv":[82,69],"uv_size":[1,1]},"up":{"uv":[83,70],"uv_size":[-1,-1]},"west":{"uv":[82,69],"uv_size":[1,1]}}},{"origin":[-8.25,5.3,1.25],"size":[16.5,0.4,0.4],"uv":{"down":{"uv":[84,70],"uv_size":[-1,-1]},"east":{"uv":[83,69],"uv_size":[1,1]},"north":{"uv":[83,69],"uv_size":[1,1]},"south":{"uv":[83,69],"uv_size":[1,1]},"up":{"uv":[84,70],"uv_size":[-1,-1]},"west":{"uv":[83,69],"uv_size":[1,1]}}},{"origin":[-8.25,5.3,1.65],"size":[16.5,0.4,0.4],"uv":{"down":{"uv":[85,70],"uv_size":[-1,-1]},"east":{"uv":[84,69],"uv_size":[1,1]},"north":{"uv":[84,69],"uv_size":[1,1]},"south":{"uv":[84,69],"uv_size":[1,1]},"up":{"uv":[85,70],"uv_size":[-1,-1]},"west":{"uv":[84,69],"uv_size":[1,1]}}},{"origin":[-8.25,5.3,2.05],"size":[16.5,0.4,0.4],"uv":{"down":{"uv":[86,70],"uv_size":[-1,-1]},"east":{"uv":[85,69],"uv_size":[1,1]},"north":{"uv":[85,69],"uv_size":[1,1]},"south":{"uv":[85,69],"uv_size":[1,1]},"up":{"uv":[86,70],"uv_size":[-1,-1]},"west":{"uv":[85,69],"uv_size":[1,1]}}},{"origin":[-8.25,5.3,2.45],"size":[16.5,0.4,0.4],"uv":{"down":{"uv":[87,70],"uv_size":[-1,-1]},"east":{"uv":[86,69],"uv_size":[1,1]},"north":{"uv":[86,69],"uv_size":[1,1]},"south":{"uv":[86,69],"uv_size":[1,1]},"up":{"uv":[87,70],"uv_size":[-1,-1]},"west":{"uv":[86,69],"uv_size":[1,1]}}},{"origin":[-8.25,5.3,2.85],"size":[16.5,0.4,0.4],"uv":{"down":{"uv":[88,70],"uv_size":[-1,-1]},"east":{"uv":[87,69],"uv_size":[1,1]},"north":{"uv":[87,69],"uv_size":[1,1]},"south":{"uv":[87,69],"uv_size":[1,1]},"up":{"uv":[88,70],"uv_size":[-1,-1]},"west":{"uv":[87,69],"uv_size":[1,1]}}},{"origin":[-8.25,5.7,-1.55],"size":[16.5,0.4,0.4],"uv":{"down":{"uv":[77,69],"uv_size":[-1,-1]},"east":{"uv":[76,68],"uv_size":[1,1]},"north":{"uv":[76,68],"uv_size":[1,1]},"south":{"uv":[76,68],"uv_size":[1,1]},"up":{"uv":[77,69],"uv_size":[-1,-1]},"west":{"uv":[76,68],"uv_size":[1,1]}}},{"origin":[-8.25,5.7,-1.15],"size":[16.5,0.4,0.4],"uv":{"down":{"uv":[78,69],"uv_size":[-1,-1]},"east":{"uv":[77,68],"uv_size":[1,1]},"north":{"uv":[77,68],"uv_size":[1,1]},"south":{"uv":[77,68],"uv_size":[1,1]},"up":{"uv":[78,69],"uv_size":[-1,-1]},"west":{"uv":[77,68],"uv_size":[1,1]}}},{"origin":[-8.25,5.7,-0.75],"size":[16.5,0.4,0.4],"uv":{"down":{"uv":[79,69],"uv_size":[-1,-1]},"east":{"uv":[78,68],"uv_size":[1,1]},"north":{"uv":[78,68],"uv_size":[1,1]},"south":{"uv":[78,68],"uv_size":[1,1]},"up":{"uv":[79,69],"uv_size":[-1,-1]},"west":{"uv":[78,68],"uv_size":[1,1]}}},{"origin":[-8.25,5.7,-0.35],"size":[16.5,0.4,0.4],"uv":{"down":{"uv":[80,69],"uv_size":[-1,-1]},"east":{"uv":[79,68],"uv_size":[1,1]},"north":{"uv":[79,68],"uv_size":[1,1]},"south":{"uv":[79,68],"uv_size":[1,1]},"up":{"uv":[80,69],"uv_size":[-1,-1]},"west":{"uv":[79,68],"uv_size":[1,1]}}},{"origin":[-8.25,5.7,0.05],"size":[16.5,0.4,0.4],"uv":{"down":{"uv":[81,69],"uv_size":[-1,-1]},"east":{"uv":[80,68],"uv_size":[1,1]},"north":{"uv":[80,68],"uv_size":[1,1]},"south":{"uv":[80,68],"uv_size":[1,1]},"up":{"uv":[81,69],"uv_size":[-1,-1]},"west":{"uv":[80,68],"uv_size":[1,1]}}},{"origin":[-8.25,5.7,0.45],"size":[16.5,0.4,0.4],"uv":{"down":{"uv":[82,69],"uv_size":[-1,-1]},"east":{"uv":[81,68],"uv_size":[1,1]},"north":{"uv":[81,68],"uv_size":[1,1]},"south":{"uv":[81,68],"uv_size":[1,1]},"up":{"uv":[82,69],"uv_size":[-1,-1]},"west":{"uv":[81,68],"uv_size":[1,1]}}},{"origin":[-8.25,5.7,0.85],"size":[16.5,0.4,0.4],"uv":{"down":{"uv":[83,69],"uv_size":[-1,-1]},"east":{"uv":[82,68],"uv_size":[1,1]},"north":{"uv":[82,68],"uv_size":[1,1]},"south":{"uv":[82,68],"uv_size":[1,1]},"up":{"uv":[83,69],"uv_size":[-1,-1]},"west":{"uv":[82,68],"uv_size":[1,1]}}},{"origin":[-8.25,5.7,1.25],"size":[16.5,0.4,0.4],"uv":{"down":{"uv":[84,69],"uv_size":[-1,-1]},"east":{"uv":[83,68],"uv_size":[1,1]},"north":{"uv":[83,68],"uv_size":[1,1]},"south":{"uv":[83,68],"uv_size":[1,1]},"up":{"uv":[84,69],"uv_size":[-1,-1]},"west":{"uv":[83,68],"uv_size":[1,1]}}},{"origin":[-8.25,5.7,1.65],"size":[16.5,0.4,0.4],"uv":{"down":{"uv":[85,69],"uv_size":[-1,-1]},"east":{"uv":[84,68],"uv_size":[1,1]},"north":{"uv":[84,68],"uv_size":[1,1]},"south":{"uv":[84,68],"uv_size":[1,1]},"up":{"uv":[85,69],"uv_size":[-1,-1]},"west":{"uv":[84,68],"uv_size":[1,1]}}},{"origin":[-8.25,5.7,2.05],"size":[16.5,0.4,0.4],"uv":{"down":{"uv":[86,69],"uv_size":[-1,-1]},"east":{"uv":[85,68],"uv_size":[1,1]},"north":{"uv":[85,68],"uv_size":[1,1]},"south":{"uv":[85,68],"uv_size":[1,1]},"up":{"uv":[86,69],"uv_size":[-1,-1]},"west":{"uv":[85,68],"uv_size":[1,1]}}},{"origin":[-8.25,5.7,2.45],"size":[16.5,0.4,0.4],"uv":{"down":{"uv":[87,69],"uv_size":[-1,-1]},"east":{"uv":[86,68],"uv_size":[1,1]},"north":{"uv":[86,68],"uv_size":[1,1]},"south":{"uv":[86,68],"uv_size":[1,1]},"up":{"uv":[87,69],"uv_size":[-1,-1]},"west":{"uv":[86,68],"uv_size":[1,1]}}},{"origin":[-8.25,5.7,2.85],"size":[16.5,0.4,0.4],"uv":{"down":{"uv":[88,69],"uv_size":[-1,-1]},"east":{"uv":[87,68],"uv_size":[1,1]},"north":{"uv":[87,68],"uv_size":[1,1]},"south":{"uv":[87,68],"uv_size":[1,1]},"up":{"uv":[88,69],"uv_size":[-1,-1]},"west":{"uv":[87,68],"uv_size":[1,1]}}},{"origin":[-8.25,4.9,2.85],"size":[16.5,0.4,0.4],"uv":{"down":{"uv":[88,71],"uv_size":[-1,-1]},"east":{"uv":[87,70],"uv_size":[1,1]},"north":{"uv":[87,70],"uv_size":[1,1]},"south":{"uv":[87,70],"uv_size":[1,1]},"up":{"uv":[88,71],"uv_size":[-1,-1]},"west":{"uv":[87,70],"uv_size":[1,1]}}},{"origin":[-8.25,4.9,2.45],"size":[16.5,0.4,0.4],"uv":{"down":{"uv":[87,71],"uv_size":[-1,-1]},"east":{"uv":[86,70],"uv_size":[1,1]},"north":{"uv":[86,70],"uv_size":[1,1]},"south":{"uv":[86,70],"uv_size":[1,1]},"up":{"uv":[87,71],"uv_size":[-1,-1]},"west":{"uv":[86,70],"uv_size":[1,1]}}},{"origin":[-8.25,4.9,2.05],"size":[16.5,0.4,0.4],"uv":{"down":{"uv":[86,71],"uv_size":[-1,-1]},"east":{"uv":[85,70],"uv_size":[1,1]},"north":{"uv":[85,70],"uv_size":[1,1]},"south":{"uv":[85,70],"uv_size":[1,1]},"up":{"uv":[86,71],"uv_size":[-1,-1]},"west":{"uv":[85,70],"uv_size":[1,1]}}},{"origin":[-8.25,4.9,1.65],"size":[16.5,0.4,0.4],"uv":{"down":{"uv":[85,71],"uv_size":[-1,-1]},"east":{"uv":[84,70],"uv_size":[1,1]},"north":{"uv":[84,70],"uv_size":[1,1]},"south":{"uv":[84,70],"uv_size":[1,1]},"up":{"uv":[85,71],"uv_size":[-1,-1]},"west":{"uv":[84,70],"uv_size":[1,1]}}},{"origin":[-8.25,4.9,1.25],"size":[16.5,0.4,0.4],"uv":{"down":{"uv":[84,71],"uv_size":[-1,-1]},"east":{"uv":[83,70],"uv_size":[1,1]},"north":{"uv":[83,70],"uv_size":[1,1]},"south":{"uv":[83,70],"uv_size":[1,1]},"up":{"uv":[84,71],"uv_size":[-1,-1]},"west":{"uv":[83,70],"uv_size":[1,1]}}},{"origin":[-8.25,4.9,0.85],"size":[16.5,0.4,0.4],"uv":{"down":{"uv":[83,71],"uv_size":[-1,-1]},"east":{"uv":[82,70],"uv_size":[1,1]},"north":{"uv":[82,70],"uv_size":[1,1]},"south":{"uv":[82,70],"uv_size":[1,1]},"up":{"uv":[83,71],"uv_size":[-1,-1]},"west":{"uv":[82,70],"uv_size":[1,1]}}},{"origin":[-8.25,4.9,0.45],"size":[16.5,0.4,0.4],"uv":{"down":{"uv":[82,71],"uv_size":[-1,-1]},"east":{"uv":[81,70],"uv_size":[1,1]},"north":{"uv":[81,70],"uv_size":[1,1]},"south":{"uv":[81,70],"uv_size":[1,1]},"up":{"uv":[82,71],"uv_size":[-1,-1]},"west":{"uv":[81,70],"uv_size":[1,1]}}},{"origin":[-8.25,4.9,0.05],"size":[16.5,0.4,0.4],"uv":{"down":{"uv":[81,71],"uv_size":[-1,-1]},"east":{"uv":[80,70],"uv_size":[1,1]},"north":{"uv":[80,70],"uv_size":[1,1]},"south":{"uv":[80,70],"uv_size":[1,1]},"up":{"uv":[81,71],"uv_size":[-1,-1]},"west":{"uv":[80,70],"uv_size":[1,1]}}},{"origin":[-8.25,4.9,-0.35],"size":[16.5,0.4,0.4],"uv":{"down":{"uv":[80,71],"uv_size":[-1,-1]},"east":{"uv":[79,70],"uv_size":[1,1]},"north":{"uv":[79,70],"uv_size":[1,1]},"south":{"uv":[79,70],"uv_size":[1,1]},"up":{"uv":[80,71],"uv_size":[-1,-1]},"west":{"uv":[79,70],"uv_size":[1,1]}}},{"origin":[-8.25,4.9,-0.75],"size":[16.5,0.4,0.4],"uv":{"down":{"uv":[79,71],"uv_size":[-1,-1]},"east":{"uv":[78,70],"uv_size":[1,1]},"north":{"uv":[78,70],"uv_size":[1,1]},"south":{"uv":[78,70],"uv_size":[1,1]},"up":{"uv":[79,71],"uv_size":[-1,-1]},"west":{"uv":[78,70],"uv_size":[1,1]}}},{"origin":[-8.25,4.9,-1.15],"size":[16.5,0.4,0.4],"uv":{"down":{"uv":[78,71],"uv_size":[-1,-1]},"east":{"uv":[77,70],"uv_size":[1,1]},"north":{"uv":[77,70],"uv_size":[1,1]},"south":{"uv":[77,70],"uv_size":[1,1]},"up":{"uv":[78,71],"uv_size":[-1,-1]},"west":{"uv":[77,70],"uv_size":[1,1]}}},{"origin":[-8.25,4.9,-1.55],"size":[16.5,0.4,0.4],"uv":{"down":{"uv":[77,71],"uv_size":[-1,-1]},"east":{"uv":[76,70],"uv_size":[1,1]},"north":{"uv":[76,70],"uv_size":[1,1]},"south":{"uv":[76,70],"uv_size":[1,1]},"up":{"uv":[77,71],"uv_size":[-1,-1]},"west":{"uv":[76,70],"uv_size":[1,1]}}},{"origin":[-8.25,4.9,-1.95],"size":[16.5,0.4,0.4],"uv":{"down":{"uv":[76,71],"uv_size":[-1,-1]},"east":{"uv":[75,70],"uv_size":[1,1]},"north":{"uv":[75,70],"uv_size":[1,1]},"south":{"uv":[75,70],"uv_size":[1,1]},"up":{"uv":[76,71],"uv_size":[-1,-1]},"west":{"uv":[75,70],"uv_size":[1,1]}}},{"origin":[-8.25,4.5,2.45],"size":[16.5,0.4,0.4],"uv":{"down":{"uv":[87,72],"uv_size":[-1,-1]},"east":{"uv":[86,71],"uv_size":[1,1]},"north":{"uv":[86,71],"uv_size":[1,1]},"south":{"uv":[86,71],"uv_size":[1,1]},"up":{"uv":[87,72],"uv_size":[-1,-1]},"west":{"uv":[86,71],"uv_size":[1,1]}}},{"origin":[-8.25,4.5,2.05],"size":[16.5,0.4,0.4],"uv":{"down":{"uv":[86,72],"uv_size":[-1,-1]},"east":{"uv":[85,71],"uv_size":[1,1]},"north":{"uv":[85,71],"uv_size":[1,1]},"south":{"uv":[85,71],"uv_size":[1,1]},"up":{"uv":[86,72],"uv_size":[-1,-1]},"west":{"uv":[85,71],"uv_size":[1,1]}}},{"origin":[-8.25,4.5,1.65],"size":[16.5,0.4,0.4],"uv":{"down":{"uv":[85,72],"uv_size":[-1,-1]},"east":{"uv":[84,71],"uv_size":[1,1]},"north":{"uv":[84,71],"uv_size":[1,1]},"south":{"uv":[84,71],"uv_size":[1,1]},"up":{"uv":[85,72],"uv_size":[-1,-1]},"west":{"uv":[84,71],"uv_size":[1,1]}}},{"origin":[-8.25,4.5,1.25],"size":[16.5,0.4,0.4],"uv":{"down":{"uv":[84,72],"uv_size":[-1,-1]},"east":{"uv":[83,71],"uv_size":[1,1]},"north":{"uv":[83,71],"uv_size":[1,1]},"south":{"uv":[83,71],"uv_size":[1,1]},"up":{"uv":[84,72],"uv_size":[-1,-1]},"west":{"uv":[83,71],"uv_size":[1,1]}}},{"origin":[-8.25,4.5,0.85],"size":[16.5,0.4,0.4],"uv":{"down":{"uv":[83,72],"uv_size":[-1,-1]},"east":{"uv":[82,71],"uv_size":[1,1]},"north":{"uv":[82,71],"uv_size":[1,1]},"south":{"uv":[82,71],"uv_size":[1,1]},"up":{"uv":[83,72],"uv_size":[-1,-1]},"west":{"uv":[82,71],"uv_size":[1,1]}}},{"origin":[-8.25,4.5,0.45],"size":[16.5,0.4,0.4],"uv":{"down":{"uv":[82,72],"uv_size":[-1,-1]},"east":{"uv":[81,71],"uv_size":[1,1]},"north":{"uv":[81,71],"uv_size":[1,1]},"south":{"uv":[81,71],"uv_size":[1,1]},"up":{"uv":[82,72],"uv_size":[-1,-1]},"west":{"uv":[81,71],"uv_size":[1,1]}}},{"origin":[-8.25,4.5,0.05],"size":[16.5,0.4,0.4],"uv":{"down":{"uv":[81,72],"uv_size":[-1,-1]},"east":{"uv":[80,71],"uv_size":[1,1]},"north":{"uv":[80,71],"uv_size":[1,1]},"south":{"uv":[80,71],"uv_size":[1,1]},"up":{"uv":[81,72],"uv_size":[-1,-1]},"west":{"uv":[80,71],"uv_size":[1,1]}}},{"origin":[-8.25,4.5,-0.35],"size":[16.5,0.4,0.4],"uv":{"down":{"uv":[80,72],"uv_size":[-1,-1]},"east":{"uv":[79,71],"uv_size":[1,1]},"north":{"uv":[79,71],"uv_size":[1,1]},"south":{"uv":[79,71],"uv_size":[1,1]},"up":{"uv":[80,72],"uv_size":[-1,-1]},"west":{"uv":[79,71],"uv_size":[1,1]}}},{"origin":[-8.25,4.5,-1.55],"size":[16.5,0.4,0.4],"uv":{"down":{"uv":[77,72],"uv_size":[-1,-1]},"east":{"uv":[76,71],"uv_size":[1,1]},"north":{"uv":[76,71],"uv_size":[1,1]},"south":{"uv":[76,71],"uv_size":[1,1]},"up":{"uv":[77,72],"uv_size":[-1,-1]},"west":{"uv":[76,71],"uv_size":[1,1]}}},{"origin":[-8.25,4.5,-1.15],"size":[16.5,0.4,0.4],"uv":{"down":{"uv":[78,72],"uv_size":[-1,-1]},"east":{"uv":[77,71],"uv_size":[1,1]},"north":{"uv":[77,71],"uv_size":[1,1]},"south":{"uv":[77,71],"uv_size":[1,1]},"up":{"uv":[78,72],"uv_size":[-1,-1]},"west":{"uv":[77,71],"uv_size":[1,1]}}},{"origin":[-8.25,4.5,-0.75],"size":[16.5,0.4,0.4],"uv":{"down":{"uv":[79,72],"uv_size":[-1,-1]},"east":{"uv":[78,71],"uv_size":[1,1]},"north":{"uv":[78,71],"uv_size":[1,1]},"south":{"uv":[78,71],"uv_size":[1,1]},"up":{"uv":[79,72],"uv_size":[-1,-1]},"west":{"uv":[78,71],"uv_size":[1,1]}}},{"origin":[-8.25,4.5,-1.95],"size":[16.5,0.4,0.4],"uv":{"down":{"uv":[76,72],"uv_size":[-1,-1]},"east":{"uv":[75,71],"uv_size":[1,1]},"north":{"uv":[75,71],"uv_size":[1,1]},"south":{"uv":[75,71],"uv_size":[1,1]},"up":{"uv":[76,72],"uv_size":[-1,-1]},"west":{"uv":[75,71],"uv_size":[1,1]}}},{"origin":[-8.25,4.5,-2.35],"size":[16.5,0.4,0.4],"uv":{"down":{"uv":[75,72],"uv_size":[-1,-1]},"east":{"uv":[74,71],"uv_size":[1,1]},"north":{"uv":[74,71],"uv_size":[1,1]},"south":{"uv":[74,71],"uv_size":[1,1]},"up":{"uv":[75,72],"uv_size":[-1,-1]},"west":{"uv":[74,71],"uv_size":[1,1]}}}],"name":"bb_main","parent":"case","pivot":[0,0,0]}],"description":{"identifier":"geometry.item_gold_case","texture_height":128,"texture_width":128,"visible_bounds_height":2.5,"visible_bounds_offset":[0,0.75,0],"visible_bounds_width":3}}]}