{"format_version":"1.19.0","minecraft:geometry":[{"bones":[{"binding":"q.item_slot_to_bone_name(c.item_slot)","name":"root_item","pivot":[0,0,0]},{"cubes":[{"origin":[-8,0,-7],"size":[16,15,14],"uv":[14,35]},{"origin":[4,1,-8.25],"size":[2,9,0.25],"uv":[27,74]},{"origin":[6.75,8.3,-6.75],"size":[1.5,4.25,13.5],"uv":[0,75]},{"origin":[-8.25,8.3,-6.75],"size":[1.5,4.25,13.5],"uv":[8,71]},{"origin":[-9.25,-0.25,6.75],"size":[18.5,1.25,1.5],"uv":[15,84]},{"origin":[-9.25,-0.25,-8.25],"size":[18.5,1.25,1.5],"uv":[2,77]},{"origin":[-8.25,-0.25,-7],"size":[16.5,1.25,13.75],"uv":[0,74]},{"origin":[-6,1,-8.25],"size":[2,8,0.25],"uv":[27,74]},{"origin":[-9.275,8.3,-8.275],"size":[18.55,4.25,1.55],"uv":[3,91]},{"origin":[-9.275,8.3,6.725],"size":[18.55,4.25,1.55],"uv":[15,76]},{"origin":[4,1,8],"size":[2,7.5,0.25],"uv":[2,78]},{"origin":[-6,1,8],"size":[2,7.5,0.25],"uv":[8,77]},{"origin":[-9,1,-8],"size":[18,15,1],"uv":[13,48]},{"origin":[-9,1,7],"size":[18,15,1],"uv":[13,48]},{"origin":[-9,15,-7],"size":[18,1,14],"uv":[5,20]},{"origin":[-6,16,-8],"size":[2,0.25,16],"uv":[-8,70]},{"origin":[4,16,-8],"size":[2,0.25,16],"uv":[-7,71]},{"origin":[4,12.25,8],"size":[2,4,0.25],"uv":[22,86]},{"origin":[-6,12.25,8],"size":[2,4,0.25],"uv":[22,86]},{"origin":[4,12.25,-8.25],"size":[2,4,0.25],"uv":[22,86]},{"origin":[-1.25,8.05,-9.5],"size":[2.5,5.25,1.5],"uv":[37,86]},{"origin":[-2.40416,6.22218,-9.25],"pivot":[-3.65416,8.37218,8],"rotation":[0,0,-45],"size":[1,1,1],"uv":[40,87]},{"origin":[-3.95711,6.44289,-9.25],"pivot":[-2.45711,7.94289,-8.75],"rotation":[0,0,-90],"size":[2,1,1],"uv":[39,87]},{"origin":[-7.45711,3.34289,-9.35],"pivot":[-2.45711,7.94289,-8.75],"rotation":[0,0,-90],"size":[3.5,4.2,1.2],"uv":[0,96]},{"origin":[-6,12.25,-8.25],"size":[2,4,0.25],"uv":[22,86]},{"mirror":true,"origin":[1.40416,6.22218,-9.25],"pivot":[3.65416,8.37218,8],"rotation":[0,0,45],"size":[1,1,1],"uv":[40,87]},{"origin":[-8.25,7.1,0.85],"size":[16.5,0.4,0.4],"uv":{"down":{"uv":[74.75,65.75],"uv_size":[-0.5,-0.5]},"east":{"uv":[74.25,65.25],"uv_size":[0.5,0.5]},"north":{"uv":[74.25,65.25],"uv_size":[0.5,0.5]},"south":{"uv":[74.25,65.25],"uv_size":[0.5,0.5]},"up":{"uv":[74.75,65.75],"uv_size":[-0.5,-0.5]},"west":{"uv":[74.25,65.25],"uv_size":[0.5,0.5]}}},{"origin":[-8.25,6.7,1.25],"size":[16.5,0.4,0.4],"uv":{"down":{"uv":[75.75,66.75],"uv_size":[-0.5,-0.5]},"east":{"uv":[75.25,66.25],"uv_size":[0.5,0.5]},"north":{"uv":[75.25,66.25],"uv_size":[0.5,0.5]},"south":{"uv":[75.25,66.25],"uv_size":[0.5,0.5]},"up":{"uv":[75.75,66.75],"uv_size":[-0.5,-0.5]},"west":{"uv":[75.25,66.25],"uv_size":[0.5,0.5]}}},{"origin":[-8.25,7.1,-0.35],"size":[16.5,0.4,0.4],"uv":{"down":{"uv":[71.75,65.75],"uv_size":[-0.5,-0.5]},"east":{"uv":[71.25,65.25],"uv_size":[0.5,0.5]},"north":{"uv":[71.25,65.25],"uv_size":[0.5,0.5]},"south":{"uv":[71.25,65.25],"uv_size":[0.5,0.5]},"up":{"uv":[71.75,65.75],"uv_size":[-0.5,-0.5]},"west":{"uv":[71.25,65.25],"uv_size":[0.5,0.5]}}},{"origin":[-8.25,7.1,0.05],"size":[16.5,0.4,0.4],"uv":{"down":{"uv":[72.75,65.75],"uv_size":[-0.5,-0.5]},"east":{"uv":[72.25,65.25],"uv_size":[0.5,0.5]},"north":{"uv":[72.25,65.25],"uv_size":[0.5,0.5]},"south":{"uv":[72.25,65.25],"uv_size":[0.5,0.5]},"up":{"uv":[72.75,65.75],"uv_size":[-0.5,-0.5]},"west":{"uv":[72.25,65.25],"uv_size":[0.5,0.5]}}},{"origin":[-8.25,6.7,0.05],"size":[16.5,0.4,0.4],"uv":{"down":{"uv":[72.75,66.75],"uv_size":[-0.5,-0.5]},"east":{"uv":[72.25,66.25],"uv_size":[0.5,0.5]},"north":{"uv":[72.25,66.25],"uv_size":[0.5,0.5]},"south":{"uv":[72.25,66.25],"uv_size":[0.5,0.5]},"up":{"uv":[72.75,66.75],"uv_size":[-0.5,-0.5]},"west":{"uv":[72.25,66.25],"uv_size":[0.5,0.5]}}},{"origin":[-8.25,6.7,-0.35],"size":[16.5,0.4,0.4],"uv":{"down":{"uv":[71.75,66.75],"uv_size":[-0.5,-0.5]},"east":{"uv":[71.25,66.25],"uv_size":[0.5,0.5]},"north":{"uv":[71.25,66.25],"uv_size":[0.5,0.5]},"south":{"uv":[71.25,66.25],"uv_size":[0.5,0.5]},"up":{"uv":[71.75,66.75],"uv_size":[-0.5,-0.5]},"west":{"uv":[71.25,66.25],"uv_size":[0.5,0.5]}}},{"origin":[-8.25,6.7,0.45],"size":[16.5,0.4,0.4],"uv":{"down":{"uv":[73.75,66.75],"uv_size":[-0.5,-0.5]},"east":{"uv":[73.25,66.25],"uv_size":[0.5,0.5]},"north":{"uv":[73.25,66.25],"uv_size":[0.5,0.5]},"south":{"uv":[73.25,66.25],"uv_size":[0.5,0.5]},"up":{"uv":[73.75,66.75],"uv_size":[-0.5,-0.5]},"west":{"uv":[73.25,66.25],"uv_size":[0.5,0.5]}}},{"origin":[-8.25,7.1,0.45],"size":[16.5,0.4,0.4],"uv":{"down":{"uv":[73.75,65.75],"uv_size":[-0.5,-0.5]},"east":{"uv":[73.25,65.25],"uv_size":[0.5,0.5]},"north":{"uv":[73.25,65.25],"uv_size":[0.5,0.5]},"south":{"uv":[73.25,65.25],"uv_size":[0.5,0.5]},"up":{"uv":[73.75,65.75],"uv_size":[-0.5,-0.5]},"west":{"uv":[73.25,65.25],"uv_size":[0.5,0.5]}}},{"origin":[-8.25,6.7,0.85],"size":[16.5,0.4,0.4],"uv":{"down":{"uv":[74.75,66.75],"uv_size":[-0.5,-0.5]},"east":{"uv":[74.25,66.25],"uv_size":[0.5,0.5]},"north":{"uv":[74.25,66.25],"uv_size":[0.5,0.5]},"south":{"uv":[74.25,66.25],"uv_size":[0.5,0.5]},"up":{"uv":[74.75,66.75],"uv_size":[-0.5,-0.5]},"west":{"uv":[74.25,66.25],"uv_size":[0.5,0.5]}}},{"origin":[-8.25,7.1,-1.15],"size":[16.5,0.4,0.4],"uv":{"down":{"uv":[69.75,65.75],"uv_size":[-0.5,-0.5]},"east":{"uv":[69.25,65.25],"uv_size":[0.5,0.5]},"north":{"uv":[69.25,65.25],"uv_size":[0.5,0.5]},"south":{"uv":[69.25,65.25],"uv_size":[0.5,0.5]},"up":{"uv":[69.75,65.75],"uv_size":[-0.5,-0.5]},"west":{"uv":[69.25,65.25],"uv_size":[0.5,0.5]}}},{"origin":[-8.25,7.1,-0.75],"size":[16.5,0.4,0.4],"uv":{"down":{"uv":[70.75,65.75],"uv_size":[-0.5,-0.5]},"east":{"uv":[70.25,65.25],"uv_size":[0.5,0.5]},"north":{"uv":[70.25,65.25],"uv_size":[0.5,0.5]},"south":{"uv":[70.25,65.25],"uv_size":[0.5,0.5]},"up":{"uv":[70.75,65.75],"uv_size":[-0.5,-0.5]},"west":{"uv":[70.25,65.25],"uv_size":[0.5,0.5]}}},{"origin":[-8.25,6.7,-1.55],"size":[16.5,0.4,0.4],"uv":{"down":{"uv":[68.75,66.75],"uv_size":[-0.5,-0.5]},"east":{"uv":[68.25,66.25],"uv_size":[0.5,0.5]},"north":{"uv":[68.25,66.25],"uv_size":[0.5,0.5]},"south":{"uv":[68.25,66.25],"uv_size":[0.5,0.5]},"up":{"uv":[68.75,66.75],"uv_size":[-0.5,-0.5]},"west":{"uv":[68.25,66.25],"uv_size":[0.5,0.5]}}},{"origin":[-8.25,6.7,-1.15],"size":[16.5,0.4,0.4],"uv":{"down":{"uv":[69.75,66.75],"uv_size":[-0.5,-0.5]},"east":{"uv":[69.25,66.25],"uv_size":[0.5,0.5]},"north":{"uv":[69.25,66.25],"uv_size":[0.5,0.5]},"south":{"uv":[69.25,66.25],"uv_size":[0.5,0.5]},"up":{"uv":[69.75,66.75],"uv_size":[-0.5,-0.5]},"west":{"uv":[69.25,66.25],"uv_size":[0.5,0.5]}}},{"origin":[-8.25,6.7,-0.75],"size":[16.5,0.4,0.4],"uv":{"down":{"uv":[70.75,66.75],"uv_size":[-0.5,-0.5]},"east":{"uv":[70.25,66.25],"uv_size":[0.5,0.5]},"north":{"uv":[70.25,66.25],"uv_size":[0.5,0.5]},"south":{"uv":[70.25,66.25],"uv_size":[0.5,0.5]},"up":{"uv":[70.75,66.75],"uv_size":[-0.5,-0.5]},"west":{"uv":[70.25,66.25],"uv_size":[0.5,0.5]}}},{"origin":[-8.25,5.9,1.25],"size":[16.5,0.4,0.4],"uv":{"down":{"uv":[75.75,68.75],"uv_size":[-0.5,-0.5]},"east":{"uv":[75.25,68.25],"uv_size":[0.5,0.5]},"north":{"uv":[75.25,68.25],"uv_size":[0.5,0.5]},"south":{"uv":[75.25,68.25],"uv_size":[0.5,0.5]},"up":{"uv":[75.75,68.75],"uv_size":[-0.5,-0.5]},"west":{"uv":[75.25,68.25],"uv_size":[0.5,0.5]}}},{"origin":[-8.25,5.9,0.85],"size":[16.5,0.4,0.4],"uv":{"down":{"uv":[74.75,68.75],"uv_size":[-0.5,-0.5]},"east":{"uv":[74.25,68.25],"uv_size":[0.5,0.5]},"north":{"uv":[74.25,68.25],"uv_size":[0.5,0.5]},"south":{"uv":[74.25,68.25],"uv_size":[0.5,0.5]},"up":{"uv":[74.75,68.75],"uv_size":[-0.5,-0.5]},"west":{"uv":[74.25,68.25],"uv_size":[0.5,0.5]}}},{"origin":[-8.25,6.3,1.25],"size":[16.5,0.4,0.4],"uv":{"down":{"uv":[75.75,67.75],"uv_size":[-0.5,-0.5]},"east":{"uv":[75.25,67.25],"uv_size":[0.5,0.5]},"north":{"uv":[75.25,67.25],"uv_size":[0.5,0.5]},"south":{"uv":[75.25,67.25],"uv_size":[0.5,0.5]},"up":{"uv":[75.75,67.75],"uv_size":[-0.5,-0.5]},"west":{"uv":[75.25,67.25],"uv_size":[0.5,0.5]}}},{"origin":[-8.25,5.5,1.25],"size":[16.5,0.4,0.4],"uv":{"down":{"uv":[75.75,69.75],"uv_size":[-0.5,-0.5]},"east":{"uv":[75.25,69.25],"uv_size":[0.5,0.5]},"north":{"uv":[75.25,69.25],"uv_size":[0.5,0.5]},"south":{"uv":[75.25,69.25],"uv_size":[0.5,0.5]},"up":{"uv":[75.75,69.75],"uv_size":[-0.5,-0.5]},"west":{"uv":[75.25,69.25],"uv_size":[0.5,0.5]}}},{"origin":[-8.25,6.3,0.85],"size":[16.5,0.4,0.4],"uv":{"down":{"uv":[74.75,67.75],"uv_size":[-0.5,-0.5]},"east":{"uv":[74.25,67.25],"uv_size":[0.5,0.5]},"north":{"uv":[74.25,67.25],"uv_size":[0.5,0.5]},"south":{"uv":[74.25,67.25],"uv_size":[0.5,0.5]},"up":{"uv":[74.75,67.75],"uv_size":[-0.5,-0.5]},"west":{"uv":[74.25,67.25],"uv_size":[0.5,0.5]}}},{"origin":[-8.25,5.5,0.85],"size":[16.5,0.4,0.4],"uv":{"down":{"uv":[74.75,69.75],"uv_size":[-0.5,-0.5]},"east":{"uv":[74.25,69.25],"uv_size":[0.5,0.5]},"north":{"uv":[74.25,69.25],"uv_size":[0.5,0.5]},"south":{"uv":[74.25,69.25],"uv_size":[0.5,0.5]},"up":{"uv":[74.75,69.75],"uv_size":[-0.5,-0.5]},"west":{"uv":[74.25,69.25],"uv_size":[0.5,0.5]}}},{"origin":[-8.25,5.9,0.45],"size":[16.5,0.4,0.4],"uv":{"down":{"uv":[73.75,68.75],"uv_size":[-0.5,-0.5]},"east":{"uv":[73.25,68.25],"uv_size":[0.5,0.5]},"north":{"uv":[73.25,68.25],"uv_size":[0.5,0.5]},"south":{"uv":[73.25,68.25],"uv_size":[0.5,0.5]},"up":{"uv":[73.75,68.75],"uv_size":[-0.5,-0.5]},"west":{"uv":[73.25,68.25],"uv_size":[0.5,0.5]}}},{"origin":[-8.25,6.3,0.45],"size":[16.5,0.4,0.4],"uv":{"down":{"uv":[73.75,67.75],"uv_size":[-0.5,-0.5]},"east":{"uv":[73.25,67.25],"uv_size":[0.5,0.5]},"north":{"uv":[73.25,67.25],"uv_size":[0.5,0.5]},"south":{"uv":[73.25,67.25],"uv_size":[0.5,0.5]},"up":{"uv":[73.75,67.75],"uv_size":[-0.5,-0.5]},"west":{"uv":[73.25,67.25],"uv_size":[0.5,0.5]}}},{"origin":[-8.25,5.5,0.45],"size":[16.5,0.4,0.4],"uv":{"down":{"uv":[73.75,69.75],"uv_size":[-0.5,-0.5]},"east":{"uv":[73.25,69.25],"uv_size":[0.5,0.5]},"north":{"uv":[73.25,69.25],"uv_size":[0.5,0.5]},"south":{"uv":[73.25,69.25],"uv_size":[0.5,0.5]},"up":{"uv":[73.75,69.75],"uv_size":[-0.5,-0.5]},"west":{"uv":[73.25,69.25],"uv_size":[0.5,0.5]}}},{"origin":[-8.25,5.5,0.05],"size":[16.5,0.4,0.4],"uv":{"down":{"uv":[72.75,69.75],"uv_size":[-0.5,-0.5]},"east":{"uv":[72.25,69.25],"uv_size":[0.5,0.5]},"north":{"uv":[72.25,69.25],"uv_size":[0.5,0.5]},"south":{"uv":[72.25,69.25],"uv_size":[0.5,0.5]},"up":{"uv":[72.75,69.75],"uv_size":[-0.5,-0.5]},"west":{"uv":[72.25,69.25],"uv_size":[0.5,0.5]}}},{"origin":[-8.25,5.9,0.05],"size":[16.5,0.4,0.4],"uv":{"down":{"uv":[72.75,68.75],"uv_size":[-0.5,-0.5]},"east":{"uv":[72.25,68.25],"uv_size":[0.5,0.5]},"north":{"uv":[72.25,68.25],"uv_size":[0.5,0.5]},"south":{"uv":[72.25,68.25],"uv_size":[0.5,0.5]},"up":{"uv":[72.75,68.75],"uv_size":[-0.5,-0.5]},"west":{"uv":[72.25,68.25],"uv_size":[0.5,0.5]}}},{"origin":[-8.25,5.9,-0.35],"size":[16.5,0.4,0.4],"uv":{"down":{"uv":[71.75,68.75],"uv_size":[-0.5,-0.5]},"east":{"uv":[71.25,68.25],"uv_size":[0.5,0.5]},"north":{"uv":[71.25,68.25],"uv_size":[0.5,0.5]},"south":{"uv":[71.25,68.25],"uv_size":[0.5,0.5]},"up":{"uv":[71.75,68.75],"uv_size":[-0.5,-0.5]},"west":{"uv":[71.25,68.25],"uv_size":[0.5,0.5]}}},{"origin":[-8.25,6.3,0.05],"size":[16.5,0.4,0.4],"uv":{"down":{"uv":[72.75,67.75],"uv_size":[-0.5,-0.5]},"east":{"uv":[72.25,67.25],"uv_size":[0.5,0.5]},"north":{"uv":[72.25,67.25],"uv_size":[0.5,0.5]},"south":{"uv":[72.25,67.25],"uv_size":[0.5,0.5]},"up":{"uv":[72.75,67.75],"uv_size":[-0.5,-0.5]},"west":{"uv":[72.25,67.25],"uv_size":[0.5,0.5]}}},{"origin":[-8.25,6.3,-0.35],"size":[16.5,0.4,0.4],"uv":{"down":{"uv":[71.75,67.75],"uv_size":[-0.5,-0.5]},"east":{"uv":[71.25,67.25],"uv_size":[0.5,0.5]},"north":{"uv":[71.25,67.25],"uv_size":[0.5,0.5]},"south":{"uv":[71.25,67.25],"uv_size":[0.5,0.5]},"up":{"uv":[71.75,67.75],"uv_size":[-0.5,-0.5]},"west":{"uv":[71.25,67.25],"uv_size":[0.5,0.5]}}},{"origin":[-8.25,5.5,-0.35],"size":[16.5,0.4,0.4],"uv":{"down":{"uv":[71.75,69.75],"uv_size":[-0.5,-0.5]},"east":{"uv":[71.25,69.25],"uv_size":[0.5,0.5]},"north":{"uv":[71.25,69.25],"uv_size":[0.5,0.5]},"south":{"uv":[71.25,69.25],"uv_size":[0.5,0.5]},"up":{"uv":[71.75,69.75],"uv_size":[-0.5,-0.5]},"west":{"uv":[71.25,69.25],"uv_size":[0.5,0.5]}}},{"origin":[-8.25,5.5,-0.75],"size":[16.5,0.4,0.4],"uv":{"down":{"uv":[70.75,69.75],"uv_size":[-0.5,-0.5]},"east":{"uv":[70.25,69.25],"uv_size":[0.5,0.5]},"north":{"uv":[70.25,69.25],"uv_size":[0.5,0.5]},"south":{"uv":[70.25,69.25],"uv_size":[0.5,0.5]},"up":{"uv":[70.75,69.75],"uv_size":[-0.5,-0.5]},"west":{"uv":[70.25,69.25],"uv_size":[0.5,0.5]}}},{"origin":[-8.25,5.5,-1.15],"size":[16.5,0.4,0.4],"uv":{"down":{"uv":[69.75,69.75],"uv_size":[-0.5,-0.5]},"east":{"uv":[69.25,69.25],"uv_size":[0.5,0.5]},"north":{"uv":[69.25,69.25],"uv_size":[0.5,0.5]},"south":{"uv":[69.25,69.25],"uv_size":[0.5,0.5]},"up":{"uv":[69.75,69.75],"uv_size":[-0.5,-0.5]},"west":{"uv":[69.25,69.25],"uv_size":[0.5,0.5]}}},{"origin":[-8.25,5.5,-1.55],"size":[16.5,0.4,0.4],"uv":{"down":{"uv":[68.75,69.75],"uv_size":[-0.5,-0.5]},"east":{"uv":[68.25,69.25],"uv_size":[0.5,0.5]},"north":{"uv":[68.25,69.25],"uv_size":[0.5,0.5]},"south":{"uv":[68.25,69.25],"uv_size":[0.5,0.5]},"up":{"uv":[68.75,69.75],"uv_size":[-0.5,-0.5]},"west":{"uv":[68.25,69.25],"uv_size":[0.5,0.5]}}},{"origin":[-8.25,6.3,-0.75],"size":[16.5,0.4,0.4],"uv":{"down":{"uv":[70.75,67.75],"uv_size":[-0.5,-0.5]},"east":{"uv":[70.25,67.25],"uv_size":[0.5,0.5]},"north":{"uv":[70.25,67.25],"uv_size":[0.5,0.5]},"south":{"uv":[70.25,67.25],"uv_size":[0.5,0.5]},"up":{"uv":[70.75,67.75],"uv_size":[-0.5,-0.5]},"west":{"uv":[70.25,67.25],"uv_size":[0.5,0.5]}}},{"origin":[-8.25,6.3,-1.15],"size":[16.5,0.4,0.4],"uv":{"down":{"uv":[69.75,67.75],"uv_size":[-0.5,-0.5]},"east":{"uv":[69.25,67.25],"uv_size":[0.5,0.5]},"north":{"uv":[69.25,67.25],"uv_size":[0.5,0.5]},"south":{"uv":[69.25,67.25],"uv_size":[0.5,0.5]},"up":{"uv":[69.75,67.75],"uv_size":[-0.5,-0.5]},"west":{"uv":[69.25,67.25],"uv_size":[0.5,0.5]}}},{"origin":[-8.25,6.3,-1.55],"size":[16.5,0.4,0.4],"uv":{"down":{"uv":[68.75,67.75],"uv_size":[-0.5,-0.5]},"east":{"uv":[68.25,67.25],"uv_size":[0.5,0.5]},"north":{"uv":[68.25,67.25],"uv_size":[0.5,0.5]},"south":{"uv":[68.25,67.25],"uv_size":[0.5,0.5]},"up":{"uv":[68.75,67.75],"uv_size":[-0.5,-0.5]},"west":{"uv":[68.25,67.25],"uv_size":[0.5,0.5]}}},{"origin":[-8.25,5.9,-0.75],"size":[16.5,0.4,0.4],"uv":{"down":{"uv":[70.75,68.75],"uv_size":[-0.5,-0.5]},"east":{"uv":[70.25,68.25],"uv_size":[0.5,0.5]},"north":{"uv":[70.25,68.25],"uv_size":[0.5,0.5]},"south":{"uv":[70.25,68.25],"uv_size":[0.5,0.5]},"up":{"uv":[70.75,68.75],"uv_size":[-0.5,-0.5]},"west":{"uv":[70.25,68.25],"uv_size":[0.5,0.5]}}},{"origin":[-8.25,5.9,-1.15],"size":[16.5,0.4,0.4],"uv":{"down":{"uv":[69.75,68.75],"uv_size":[-0.5,-0.5]},"east":{"uv":[69.25,68.25],"uv_size":[0.5,0.5]},"north":{"uv":[69.25,68.25],"uv_size":[0.5,0.5]},"south":{"uv":[69.25,68.25],"uv_size":[0.5,0.5]},"up":{"uv":[69.75,68.75],"uv_size":[-0.5,-0.5]},"west":{"uv":[69.25,68.25],"uv_size":[0.5,0.5]}}},{"origin":[-8.25,5.9,-1.55],"size":[16.5,0.4,0.4],"uv":{"down":{"uv":[68.75,68.75],"uv_size":[-0.5,-0.5]},"east":{"uv":[68.25,68.25],"uv_size":[0.5,0.5]},"north":{"uv":[68.25,68.25],"uv_size":[0.5,0.5]},"south":{"uv":[68.25,68.25],"uv_size":[0.5,0.5]},"up":{"uv":[68.75,68.75],"uv_size":[-0.5,-0.5]},"west":{"uv":[68.25,68.25],"uv_size":[0.5,0.5]}}},{"origin":[-8.25,4.7,1.25],"size":[16.5,0.4,0.4],"uv":{"down":{"uv":[75.75,71.75],"uv_size":[-0.5,-0.5]},"east":{"uv":[75.25,71.25],"uv_size":[0.5,0.5]},"north":{"uv":[75.25,71.25],"uv_size":[0.5,0.5]},"south":{"uv":[75.25,71.25],"uv_size":[0.5,0.5]},"up":{"uv":[75.75,71.75],"uv_size":[-0.5,-0.5]},"west":{"uv":[75.25,71.25],"uv_size":[0.5,0.5]}}},{"origin":[-8.25,4.7,0.85],"size":[16.5,0.4,0.4],"uv":{"down":{"uv":[74.75,71.75],"uv_size":[-0.5,-0.5]},"east":{"uv":[74.25,71.25],"uv_size":[0.5,0.5]},"north":{"uv":[74.25,71.25],"uv_size":[0.5,0.5]},"south":{"uv":[74.25,71.25],"uv_size":[0.5,0.5]},"up":{"uv":[74.75,71.75],"uv_size":[-0.5,-0.5]},"west":{"uv":[74.25,71.25],"uv_size":[0.5,0.5]}}},{"origin":[-8.25,5.1,1.25],"size":[16.5,0.4,0.4],"uv":{"down":{"uv":[75.75,70.75],"uv_size":[-0.5,-0.5]},"east":{"uv":[75.25,70.25],"uv_size":[0.5,0.5]},"north":{"uv":[75.25,70.25],"uv_size":[0.5,0.5]},"south":{"uv":[75.25,70.25],"uv_size":[0.5,0.5]},"up":{"uv":[75.75,70.75],"uv_size":[-0.5,-0.5]},"west":{"uv":[75.25,70.25],"uv_size":[0.5,0.5]}}},{"origin":[-8.25,4.3,1.25],"size":[16.5,0.4,0.4],"uv":{"down":{"uv":[75.75,72.75],"uv_size":[-0.5,-0.5]},"east":{"uv":[75.25,72.25],"uv_size":[0.5,0.5]},"north":{"uv":[75.25,72.25],"uv_size":[0.5,0.5]},"south":{"uv":[75.25,72.25],"uv_size":[0.5,0.5]},"up":{"uv":[75.75,72.75],"uv_size":[-0.5,-0.5]},"west":{"uv":[75.25,72.25],"uv_size":[0.5,0.5]}}},{"origin":[-8.25,4.3,1.65],"size":[16.5,0.4,0.4],"uv":{"down":{"uv":[76.75,72.75],"uv_size":[-0.5,-0.5]},"east":{"uv":[76.25,72.25],"uv_size":[0.5,0.5]},"north":{"uv":[76.25,72.25],"uv_size":[0.5,0.5]},"south":{"uv":[76.25,72.25],"uv_size":[0.5,0.5]},"up":{"uv":[76.75,72.75],"uv_size":[-0.5,-0.5]},"west":{"uv":[76.25,72.25],"uv_size":[0.5,0.5]}}},{"origin":[-8.25,4.3,2.05],"size":[16.5,0.4,0.4],"uv":{"down":{"uv":[77.75,72.75],"uv_size":[-0.5,-0.5]},"east":{"uv":[77.25,72.25],"uv_size":[0.5,0.5]},"north":{"uv":[77.25,72.25],"uv_size":[0.5,0.5]},"south":{"uv":[77.25,72.25],"uv_size":[0.5,0.5]},"up":{"uv":[77.75,72.75],"uv_size":[-0.5,-0.5]},"west":{"uv":[77.25,72.25],"uv_size":[0.5,0.5]}}},{"origin":[-8.25,4.3,2.45],"size":[16.5,0.4,0.4],"uv":{"down":{"uv":[78.75,72.75],"uv_size":[-0.5,-0.5]},"east":{"uv":[78.25,72.25],"uv_size":[0.5,0.5]},"north":{"uv":[78.25,72.25],"uv_size":[0.5,0.5]},"south":{"uv":[78.25,72.25],"uv_size":[0.5,0.5]},"up":{"uv":[78.75,72.75],"uv_size":[-0.5,-0.5]},"west":{"uv":[78.25,72.25],"uv_size":[0.5,0.5]}}},{"origin":[-8.25,5.1,0.85],"size":[16.5,0.4,0.4],"uv":{"down":{"uv":[74.75,70.75],"uv_size":[-0.5,-0.5]},"east":{"uv":[74.25,70.25],"uv_size":[0.5,0.5]},"north":{"uv":[74.25,70.25],"uv_size":[0.5,0.5]},"south":{"uv":[74.25,70.25],"uv_size":[0.5,0.5]},"up":{"uv":[74.75,70.75],"uv_size":[-0.5,-0.5]},"west":{"uv":[74.25,70.25],"uv_size":[0.5,0.5]}}},{"origin":[-8.25,4.3,0.85],"size":[16.5,0.4,0.4],"uv":{"down":{"uv":[74.75,72.75],"uv_size":[-0.5,-0.5]},"east":{"uv":[74.25,72.25],"uv_size":[0.5,0.5]},"north":{"uv":[74.25,72.25],"uv_size":[0.5,0.5]},"south":{"uv":[74.25,72.25],"uv_size":[0.5,0.5]},"up":{"uv":[74.75,72.75],"uv_size":[-0.5,-0.5]},"west":{"uv":[74.25,72.25],"uv_size":[0.5,0.5]}}},{"origin":[-8.25,4.7,0.45],"size":[16.5,0.4,0.4],"uv":{"down":{"uv":[73.75,71.75],"uv_size":[-0.5,-0.5]},"east":{"uv":[73.25,71.25],"uv_size":[0.5,0.5]},"north":{"uv":[73.25,71.25],"uv_size":[0.5,0.5]},"south":{"uv":[73.25,71.25],"uv_size":[0.5,0.5]},"up":{"uv":[73.75,71.75],"uv_size":[-0.5,-0.5]},"west":{"uv":[73.25,71.25],"uv_size":[0.5,0.5]}}},{"origin":[-8.25,5.1,0.45],"size":[16.5,0.4,0.4],"uv":{"down":{"uv":[73.75,70.75],"uv_size":[-0.5,-0.5]},"east":{"uv":[73.25,70.25],"uv_size":[0.5,0.5]},"north":{"uv":[73.25,70.25],"uv_size":[0.5,0.5]},"south":{"uv":[73.25,70.25],"uv_size":[0.5,0.5]},"up":{"uv":[73.75,70.75],"uv_size":[-0.5,-0.5]},"west":{"uv":[73.25,70.25],"uv_size":[0.5,0.5]}}},{"origin":[-8.25,4.3,0.45],"size":[16.5,0.4,0.4],"uv":{"down":{"uv":[73.75,72.75],"uv_size":[-0.5,-0.5]},"east":{"uv":[73.25,72.25],"uv_size":[0.5,0.5]},"north":{"uv":[73.25,72.25],"uv_size":[0.5,0.5]},"south":{"uv":[73.25,72.25],"uv_size":[0.5,0.5]},"up":{"uv":[73.75,72.75],"uv_size":[-0.5,-0.5]},"west":{"uv":[73.25,72.25],"uv_size":[0.5,0.5]}}},{"origin":[-8.25,4.3,0.05],"size":[16.5,0.4,0.4],"uv":{"down":{"uv":[72.75,72.75],"uv_size":[-0.5,-0.5]},"east":{"uv":[72.25,72.25],"uv_size":[0.5,0.5]},"north":{"uv":[72.25,72.25],"uv_size":[0.5,0.5]},"south":{"uv":[72.25,72.25],"uv_size":[0.5,0.5]},"up":{"uv":[72.75,72.75],"uv_size":[-0.5,-0.5]},"west":{"uv":[72.25,72.25],"uv_size":[0.5,0.5]}}},{"origin":[-8.25,4.7,0.05],"size":[16.5,0.4,0.4],"uv":{"down":{"uv":[72.75,71.75],"uv_size":[-0.5,-0.5]},"east":{"uv":[72.25,71.25],"uv_size":[0.5,0.5]},"north":{"uv":[72.25,71.25],"uv_size":[0.5,0.5]},"south":{"uv":[72.25,71.25],"uv_size":[0.5,0.5]},"up":{"uv":[72.75,71.75],"uv_size":[-0.5,-0.5]},"west":{"uv":[72.25,71.25],"uv_size":[0.5,0.5]}}},{"origin":[-8.25,4.7,-0.35],"size":[16.5,0.4,0.4],"uv":{"down":{"uv":[71.75,71.75],"uv_size":[-0.5,-0.5]},"east":{"uv":[71.25,71.25],"uv_size":[0.5,0.5]},"north":{"uv":[71.25,71.25],"uv_size":[0.5,0.5]},"south":{"uv":[71.25,71.25],"uv_size":[0.5,0.5]},"up":{"uv":[71.75,71.75],"uv_size":[-0.5,-0.5]},"west":{"uv":[71.25,71.25],"uv_size":[0.5,0.5]}}},{"origin":[-8.25,5.1,0.05],"size":[16.5,0.4,0.4],"uv":{"down":{"uv":[72.75,70.75],"uv_size":[-0.5,-0.5]},"east":{"uv":[72.25,70.25],"uv_size":[0.5,0.5]},"north":{"uv":[72.25,70.25],"uv_size":[0.5,0.5]},"south":{"uv":[72.25,70.25],"uv_size":[0.5,0.5]},"up":{"uv":[72.75,70.75],"uv_size":[-0.5,-0.5]},"west":{"uv":[72.25,70.25],"uv_size":[0.5,0.5]}}},{"origin":[-8.25,5.1,-0.35],"size":[16.5,0.4,0.4],"uv":{"down":{"uv":[71.75,70.75],"uv_size":[-0.5,-0.5]},"east":{"uv":[71.25,70.25],"uv_size":[0.5,0.5]},"north":{"uv":[71.25,70.25],"uv_size":[0.5,0.5]},"south":{"uv":[71.25,70.25],"uv_size":[0.5,0.5]},"up":{"uv":[71.75,70.75],"uv_size":[-0.5,-0.5]},"west":{"uv":[71.25,70.25],"uv_size":[0.5,0.5]}}},{"origin":[-8.25,4.3,-0.35],"size":[16.5,0.4,0.4],"uv":{"down":{"uv":[71.75,72.75],"uv_size":[-0.5,-0.5]},"east":{"uv":[71.25,72.25],"uv_size":[0.5,0.5]},"north":{"uv":[71.25,72.25],"uv_size":[0.5,0.5]},"south":{"uv":[71.25,72.25],"uv_size":[0.5,0.5]},"up":{"uv":[71.75,72.75],"uv_size":[-0.5,-0.5]},"west":{"uv":[71.25,72.25],"uv_size":[0.5,0.5]}}},{"origin":[-8.25,4.3,-2.75],"size":[16.5,0.4,0.4],"uv":{"down":{"uv":[65.75,72.75],"uv_size":[-0.5,-0.5]},"east":{"uv":[65.25,72.25],"uv_size":[0.5,0.5]},"north":{"uv":[65.25,72.25],"uv_size":[0.5,0.5]},"south":{"uv":[65.25,72.25],"uv_size":[0.5,0.5]},"up":{"uv":[65.75,72.75],"uv_size":[-0.5,-0.5]},"west":{"uv":[65.25,72.25],"uv_size":[0.5,0.5]}}},{"origin":[-8.25,4.3,-2.35],"size":[16.5,0.4,0.4],"uv":{"down":{"uv":[66.75,72.75],"uv_size":[-0.5,-0.5]},"east":{"uv":[66.25,72.25],"uv_size":[0.5,0.5]},"north":{"uv":[66.25,72.25],"uv_size":[0.5,0.5]},"south":{"uv":[66.25,72.25],"uv_size":[0.5,0.5]},"up":{"uv":[66.75,72.75],"uv_size":[-0.5,-0.5]},"west":{"uv":[66.25,72.25],"uv_size":[0.5,0.5]}}},{"origin":[-8.25,4.3,-1.95],"size":[16.5,0.4,0.4],"uv":{"down":{"uv":[67.75,72.75],"uv_size":[-0.5,-0.5]},"east":{"uv":[67.25,72.25],"uv_size":[0.5,0.5]},"north":{"uv":[67.25,72.25],"uv_size":[0.5,0.5]},"south":{"uv":[67.25,72.25],"uv_size":[0.5,0.5]},"up":{"uv":[67.75,72.75],"uv_size":[-0.5,-0.5]},"west":{"uv":[67.25,72.25],"uv_size":[0.5,0.5]}}},{"origin":[-8.25,4.3,-0.75],"size":[16.5,0.4,0.4],"uv":{"down":{"uv":[70.75,72.75],"uv_size":[-0.5,-0.5]},"east":{"uv":[70.25,72.25],"uv_size":[0.5,0.5]},"north":{"uv":[70.25,72.25],"uv_size":[0.5,0.5]},"south":{"uv":[70.25,72.25],"uv_size":[0.5,0.5]},"up":{"uv":[70.75,72.75],"uv_size":[-0.5,-0.5]},"west":{"uv":[70.25,72.25],"uv_size":[0.5,0.5]}}},{"origin":[-8.25,4.3,-1.15],"size":[16.5,0.4,0.4],"uv":{"down":{"uv":[69.75,72.75],"uv_size":[-0.5,-0.5]},"east":{"uv":[69.25,72.25],"uv_size":[0.5,0.5]},"north":{"uv":[69.25,72.25],"uv_size":[0.5,0.5]},"south":{"uv":[69.25,72.25],"uv_size":[0.5,0.5]},"up":{"uv":[69.75,72.75],"uv_size":[-0.5,-0.5]},"west":{"uv":[69.25,72.25],"uv_size":[0.5,0.5]}}},{"origin":[-8.25,4.3,-1.55],"size":[16.5,0.4,0.4],"uv":{"down":{"uv":[68.75,72.75],"uv_size":[-0.5,-0.5]},"east":{"uv":[68.25,72.25],"uv_size":[0.5,0.5]},"north":{"uv":[68.25,72.25],"uv_size":[0.5,0.5]},"south":{"uv":[68.25,72.25],"uv_size":[0.5,0.5]},"up":{"uv":[68.75,72.75],"uv_size":[-0.5,-0.5]},"west":{"uv":[68.25,72.25],"uv_size":[0.5,0.5]}}},{"origin":[-8.25,5.1,-0.75],"size":[16.5,0.4,0.4],"uv":{"down":{"uv":[70.75,70.75],"uv_size":[-0.5,-0.5]},"east":{"uv":[70.25,70.25],"uv_size":[0.5,0.5]},"north":{"uv":[70.25,70.25],"uv_size":[0.5,0.5]},"south":{"uv":[70.25,70.25],"uv_size":[0.5,0.5]},"up":{"uv":[70.75,70.75],"uv_size":[-0.5,-0.5]},"west":{"uv":[70.25,70.25],"uv_size":[0.5,0.5]}}},{"origin":[-8.25,5.1,-1.15],"size":[16.5,0.4,0.4],"uv":{"down":{"uv":[69.75,70.75],"uv_size":[-0.5,-0.5]},"east":{"uv":[69.25,70.25],"uv_size":[0.5,0.5]},"north":{"uv":[69.25,70.25],"uv_size":[0.5,0.5]},"south":{"uv":[69.25,70.25],"uv_size":[0.5,0.5]},"up":{"uv":[69.75,70.75],"uv_size":[-0.5,-0.5]},"west":{"uv":[69.25,70.25],"uv_size":[0.5,0.5]}}},{"origin":[-8.25,5.1,-1.55],"size":[16.5,0.4,0.4],"uv":{"down":{"uv":[68.75,70.75],"uv_size":[-0.5,-0.5]},"east":{"uv":[68.25,70.25],"uv_size":[0.5,0.5]},"north":{"uv":[68.25,70.25],"uv_size":[0.5,0.5]},"south":{"uv":[68.25,70.25],"uv_size":[0.5,0.5]},"up":{"uv":[68.75,70.75],"uv_size":[-0.5,-0.5]},"west":{"uv":[68.25,70.25],"uv_size":[0.5,0.5]}}},{"origin":[-8.25,4.7,-0.75],"size":[16.5,0.4,0.4],"uv":{"down":{"uv":[70.75,71.75],"uv_size":[-0.5,-0.5]},"east":{"uv":[70.25,71.25],"uv_size":[0.5,0.5]},"north":{"uv":[70.25,71.25],"uv_size":[0.5,0.5]},"south":{"uv":[70.25,71.25],"uv_size":[0.5,0.5]},"up":{"uv":[70.75,71.75],"uv_size":[-0.5,-0.5]},"west":{"uv":[70.25,71.25],"uv_size":[0.5,0.5]}}},{"origin":[-8.25,4.7,-1.15],"size":[16.5,0.4,0.4],"uv":{"down":{"uv":[69.75,71.75],"uv_size":[-0.5,-0.5]},"east":{"uv":[69.25,71.25],"uv_size":[0.5,0.5]},"north":{"uv":[69.25,71.25],"uv_size":[0.5,0.5]},"south":{"uv":[69.25,71.25],"uv_size":[0.5,0.5]},"up":{"uv":[69.75,71.75],"uv_size":[-0.5,-0.5]},"west":{"uv":[69.25,71.25],"uv_size":[0.5,0.5]}}},{"origin":[-8.25,4.7,-1.55],"size":[16.5,0.4,0.4],"uv":{"down":{"uv":[68.75,71.75],"uv_size":[-0.5,-0.5]},"east":{"uv":[68.25,71.25],"uv_size":[0.5,0.5]},"north":{"uv":[68.25,71.25],"uv_size":[0.5,0.5]},"south":{"uv":[68.25,71.25],"uv_size":[0.5,0.5]},"up":{"uv":[68.75,71.75],"uv_size":[-0.5,-0.5]},"west":{"uv":[68.25,71.25],"uv_size":[0.5,0.5]}}},{"origin":[-8.25,3.5,1.25],"size":[16.5,0.4,0.4],"uv":{"down":{"uv":[75.75,74.75],"uv_size":[-0.5,-0.5]},"east":{"uv":[75.25,74.25],"uv_size":[0.5,0.5]},"north":{"uv":[75.25,74.25],"uv_size":[0.5,0.5]},"south":{"uv":[75.25,74.25],"uv_size":[0.5,0.5]},"up":{"uv":[75.75,74.75],"uv_size":[-0.5,-0.5]},"west":{"uv":[75.25,74.25],"uv_size":[0.5,0.5]}}},{"origin":[-8.25,3.5,0.85],"size":[16.5,0.4,0.4],"uv":{"down":{"uv":[74.75,74.75],"uv_size":[-0.5,-0.5]},"east":{"uv":[74.25,74.25],"uv_size":[0.5,0.5]},"north":{"uv":[74.25,74.25],"uv_size":[0.5,0.5]},"south":{"uv":[74.25,74.25],"uv_size":[0.5,0.5]},"up":{"uv":[74.75,74.75],"uv_size":[-0.5,-0.5]},"west":{"uv":[74.25,74.25],"uv_size":[0.5,0.5]}}},{"origin":[-8.25,3.5,1.65],"size":[16.5,0.4,0.4],"uv":{"down":{"uv":[76.75,74.75],"uv_size":[-0.5,-0.5]},"east":{"uv":[76.25,74.25],"uv_size":[0.5,0.5]},"north":{"uv":[76.25,74.25],"uv_size":[0.5,0.5]},"south":{"uv":[76.25,74.25],"uv_size":[0.5,0.5]},"up":{"uv":[76.75,74.75],"uv_size":[-0.5,-0.5]},"west":{"uv":[76.25,74.25],"uv_size":[0.5,0.5]}}},{"origin":[-8.25,3.5,2.05],"size":[16.5,0.4,0.4],"uv":{"down":{"uv":[77.75,74.75],"uv_size":[-0.5,-0.5]},"east":{"uv":[77.25,74.25],"uv_size":[0.5,0.5]},"north":{"uv":[77.25,74.25],"uv_size":[0.5,0.5]},"south":{"uv":[77.25,74.25],"uv_size":[0.5,0.5]},"up":{"uv":[77.75,74.75],"uv_size":[-0.5,-0.5]},"west":{"uv":[77.25,74.25],"uv_size":[0.5,0.5]}}},{"origin":[-8.25,3.9,1.25],"size":[16.5,0.4,0.4],"uv":{"down":{"uv":[75.75,73.75],"uv_size":[-0.5,-0.5]},"east":{"uv":[75.25,73.25],"uv_size":[0.5,0.5]},"north":{"uv":[75.25,73.25],"uv_size":[0.5,0.5]},"south":{"uv":[75.25,73.25],"uv_size":[0.5,0.5]},"up":{"uv":[75.75,73.75],"uv_size":[-0.5,-0.5]},"west":{"uv":[75.25,73.25],"uv_size":[0.5,0.5]}}},{"origin":[-8.25,3.9,1.65],"size":[16.5,0.4,0.4],"uv":{"down":{"uv":[76.75,73.75],"uv_size":[-0.5,-0.5]},"east":{"uv":[76.25,73.25],"uv_size":[0.5,0.5]},"north":{"uv":[76.25,73.25],"uv_size":[0.5,0.5]},"south":{"uv":[76.25,73.25],"uv_size":[0.5,0.5]},"up":{"uv":[76.75,73.75],"uv_size":[-0.5,-0.5]},"west":{"uv":[76.25,73.25],"uv_size":[0.5,0.5]}}},{"origin":[-8.25,3.9,2.05],"size":[16.5,0.4,0.4],"uv":{"down":{"uv":[77.75,73.75],"uv_size":[-0.5,-0.5]},"east":{"uv":[77.25,73.25],"uv_size":[0.5,0.5]},"north":{"uv":[77.25,73.25],"uv_size":[0.5,0.5]},"south":{"uv":[77.25,73.25],"uv_size":[0.5,0.5]},"up":{"uv":[77.75,73.75],"uv_size":[-0.5,-0.5]},"west":{"uv":[77.25,73.25],"uv_size":[0.5,0.5]}}},{"origin":[-8.25,3.9,2.45],"size":[16.5,0.4,0.4],"uv":{"down":{"uv":[78.75,73.75],"uv_size":[-0.5,-0.5]},"east":{"uv":[78.25,73.25],"uv_size":[0.5,0.5]},"north":{"uv":[78.25,73.25],"uv_size":[0.5,0.5]},"south":{"uv":[78.25,73.25],"uv_size":[0.5,0.5]},"up":{"uv":[78.75,73.75],"uv_size":[-0.5,-0.5]},"west":{"uv":[78.25,73.25],"uv_size":[0.5,0.5]}}},{"origin":[-8.25,3.1,1.25],"size":[16.5,0.4,0.4],"uv":{"down":{"uv":[75.75,75.75],"uv_size":[-0.5,-0.5]},"east":{"uv":[75.25,75.25],"uv_size":[0.5,0.5]},"north":{"uv":[75.25,75.25],"uv_size":[0.5,0.5]},"south":{"uv":[75.25,75.25],"uv_size":[0.5,0.5]},"up":{"uv":[75.75,75.75],"uv_size":[-0.5,-0.5]},"west":{"uv":[75.25,75.25],"uv_size":[0.5,0.5]}}},{"origin":[-8.25,3.9,0.85],"size":[16.5,0.4,0.4],"uv":{"down":{"uv":[74.75,73.75],"uv_size":[-0.5,-0.5]},"east":{"uv":[74.25,73.25],"uv_size":[0.5,0.5]},"north":{"uv":[74.25,73.25],"uv_size":[0.5,0.5]},"south":{"uv":[74.25,73.25],"uv_size":[0.5,0.5]},"up":{"uv":[74.75,73.75],"uv_size":[-0.5,-0.5]},"west":{"uv":[74.25,73.25],"uv_size":[0.5,0.5]}}},{"origin":[-8.25,3.1,0.85],"size":[16.5,0.4,0.4],"uv":{"down":{"uv":[74.75,75.75],"uv_size":[-0.5,-0.5]},"east":{"uv":[74.25,75.25],"uv_size":[0.5,0.5]},"north":{"uv":[74.25,75.25],"uv_size":[0.5,0.5]},"south":{"uv":[74.25,75.25],"uv_size":[0.5,0.5]},"up":{"uv":[74.75,75.75],"uv_size":[-0.5,-0.5]},"west":{"uv":[74.25,75.25],"uv_size":[0.5,0.5]}}},{"origin":[-8.25,3.5,0.45],"size":[16.5,0.4,0.4],"uv":{"down":{"uv":[73.75,74.75],"uv_size":[-0.5,-0.5]},"east":{"uv":[73.25,74.25],"uv_size":[0.5,0.5]},"north":{"uv":[73.25,74.25],"uv_size":[0.5,0.5]},"south":{"uv":[73.25,74.25],"uv_size":[0.5,0.5]},"up":{"uv":[73.75,74.75],"uv_size":[-0.5,-0.5]},"west":{"uv":[73.25,74.25],"uv_size":[0.5,0.5]}}},{"origin":[-8.25,3.9,0.45],"size":[16.5,0.4,0.4],"uv":{"down":{"uv":[73.75,73.75],"uv_size":[-0.5,-0.5]},"east":{"uv":[73.25,73.25],"uv_size":[0.5,0.5]},"north":{"uv":[73.25,73.25],"uv_size":[0.5,0.5]},"south":{"uv":[73.25,73.25],"uv_size":[0.5,0.5]},"up":{"uv":[73.75,73.75],"uv_size":[-0.5,-0.5]},"west":{"uv":[73.25,73.25],"uv_size":[0.5,0.5]}}},{"origin":[-8.25,3.1,0.45],"size":[16.5,0.4,0.4],"uv":{"down":{"uv":[73.75,75.75],"uv_size":[-0.5,-0.5]},"east":{"uv":[73.25,75.25],"uv_size":[0.5,0.5]},"north":{"uv":[73.25,75.25],"uv_size":[0.5,0.5]},"south":{"uv":[73.25,75.25],"uv_size":[0.5,0.5]},"up":{"uv":[73.75,75.75],"uv_size":[-0.5,-0.5]},"west":{"uv":[73.25,75.25],"uv_size":[0.5,0.5]}}},{"origin":[-8.25,3.1,0.05],"size":[16.5,0.4,0.4],"uv":{"down":{"uv":[72.75,75.75],"uv_size":[-0.5,-0.5]},"east":{"uv":[72.25,75.25],"uv_size":[0.5,0.5]},"north":{"uv":[72.25,75.25],"uv_size":[0.5,0.5]},"south":{"uv":[72.25,75.25],"uv_size":[0.5,0.5]},"up":{"uv":[72.75,75.75],"uv_size":[-0.5,-0.5]},"west":{"uv":[72.25,75.25],"uv_size":[0.5,0.5]}}},{"origin":[-8.25,3.5,0.05],"size":[16.5,0.4,0.4],"uv":{"down":{"uv":[72.75,74.75],"uv_size":[-0.5,-0.5]},"east":{"uv":[72.25,74.25],"uv_size":[0.5,0.5]},"north":{"uv":[72.25,74.25],"uv_size":[0.5,0.5]},"south":{"uv":[72.25,74.25],"uv_size":[0.5,0.5]},"up":{"uv":[72.75,74.75],"uv_size":[-0.5,-0.5]},"west":{"uv":[72.25,74.25],"uv_size":[0.5,0.5]}}},{"origin":[-8.25,3.5,-0.35],"size":[16.5,0.4,0.4],"uv":{"down":{"uv":[71.75,74.75],"uv_size":[-0.5,-0.5]},"east":{"uv":[71.25,74.25],"uv_size":[0.5,0.5]},"north":{"uv":[71.25,74.25],"uv_size":[0.5,0.5]},"south":{"uv":[71.25,74.25],"uv_size":[0.5,0.5]},"up":{"uv":[71.75,74.75],"uv_size":[-0.5,-0.5]},"west":{"uv":[71.25,74.25],"uv_size":[0.5,0.5]}}},{"origin":[-8.25,3.9,0.05],"size":[16.5,0.4,0.4],"uv":{"down":{"uv":[72.75,73.75],"uv_size":[-0.5,-0.5]},"east":{"uv":[72.25,73.25],"uv_size":[0.5,0.5]},"north":{"uv":[72.25,73.25],"uv_size":[0.5,0.5]},"south":{"uv":[72.25,73.25],"uv_size":[0.5,0.5]},"up":{"uv":[72.75,73.75],"uv_size":[-0.5,-0.5]},"west":{"uv":[72.25,73.25],"uv_size":[0.5,0.5]}}},{"origin":[-8.25,3.9,-0.35],"size":[16.5,0.4,0.4],"uv":{"down":{"uv":[71.75,73.75],"uv_size":[-0.5,-0.5]},"east":{"uv":[71.25,73.25],"uv_size":[0.5,0.5]},"north":{"uv":[71.25,73.25],"uv_size":[0.5,0.5]},"south":{"uv":[71.25,73.25],"uv_size":[0.5,0.5]},"up":{"uv":[71.75,73.75],"uv_size":[-0.5,-0.5]},"west":{"uv":[71.25,73.25],"uv_size":[0.5,0.5]}}},{"origin":[-8.25,3.1,-0.35],"size":[16.5,0.4,0.4],"uv":{"down":{"uv":[71.75,75.75],"uv_size":[-0.5,-0.5]},"east":{"uv":[71.25,75.25],"uv_size":[0.5,0.5]},"north":{"uv":[71.25,75.25],"uv_size":[0.5,0.5]},"south":{"uv":[71.25,75.25],"uv_size":[0.5,0.5]},"up":{"uv":[71.75,75.75],"uv_size":[-0.5,-0.5]},"west":{"uv":[71.25,75.25],"uv_size":[0.5,0.5]}}},{"origin":[-8.25,3.9,-2.75],"size":[16.5,0.4,0.4],"uv":{"down":{"uv":[65.75,73.75],"uv_size":[-0.5,-0.5]},"east":{"uv":[65.25,73.25],"uv_size":[0.5,0.5]},"north":{"uv":[65.25,73.25],"uv_size":[0.5,0.5]},"south":{"uv":[65.25,73.25],"uv_size":[0.5,0.5]},"up":{"uv":[65.75,73.75],"uv_size":[-0.5,-0.5]},"west":{"uv":[65.25,73.25],"uv_size":[0.5,0.5]}}},{"origin":[-8.25,3.9,-2.35],"size":[16.5,0.4,0.4],"uv":{"down":{"uv":[66.75,73.75],"uv_size":[-0.5,-0.5]},"east":{"uv":[66.25,73.25],"uv_size":[0.5,0.5]},"north":{"uv":[66.25,73.25],"uv_size":[0.5,0.5]},"south":{"uv":[66.25,73.25],"uv_size":[0.5,0.5]},"up":{"uv":[66.75,73.75],"uv_size":[-0.5,-0.5]},"west":{"uv":[66.25,73.25],"uv_size":[0.5,0.5]}}},{"origin":[-8.25,3.5,-2.35],"size":[16.5,0.4,0.4],"uv":{"down":{"uv":[67,75],"uv_size":[-1,-1]},"east":{"uv":[66,74],"uv_size":[1,1]},"north":{"uv":[66,74],"uv_size":[1,1]},"south":{"uv":[66,74],"uv_size":[1,1]},"up":{"uv":[67,75],"uv_size":[-1,-1]},"west":{"uv":[66,74],"uv_size":[1,1]}}},{"origin":[-8.25,3.9,-1.95],"size":[16.5,0.4,0.4],"uv":{"down":{"uv":[67.75,73.75],"uv_size":[-0.5,-0.5]},"east":{"uv":[67.25,73.25],"uv_size":[0.5,0.5]},"north":{"uv":[67.25,73.25],"uv_size":[0.5,0.5]},"south":{"uv":[67.25,73.25],"uv_size":[0.5,0.5]},"up":{"uv":[67.75,73.75],"uv_size":[-0.5,-0.5]},"west":{"uv":[67.25,73.25],"uv_size":[0.5,0.5]}}},{"origin":[-8.25,3.1,-0.75],"size":[16.5,0.4,0.4],"uv":{"down":{"uv":[70.75,75.75],"uv_size":[-0.5,-0.5]},"east":{"uv":[70.25,75.25],"uv_size":[0.5,0.5]},"north":{"uv":[70.25,75.25],"uv_size":[0.5,0.5]},"south":{"uv":[70.25,75.25],"uv_size":[0.5,0.5]},"up":{"uv":[70.75,75.75],"uv_size":[-0.5,-0.5]},"west":{"uv":[70.25,75.25],"uv_size":[0.5,0.5]}}},{"origin":[-8.25,3.1,-1.15],"size":[16.5,0.4,0.4],"uv":{"down":{"uv":[69.75,75.75],"uv_size":[-0.5,-0.5]},"east":{"uv":[69.25,75.25],"uv_size":[0.5,0.5]},"north":{"uv":[69.25,75.25],"uv_size":[0.5,0.5]},"south":{"uv":[69.25,75.25],"uv_size":[0.5,0.5]},"up":{"uv":[69.75,75.75],"uv_size":[-0.5,-0.5]},"west":{"uv":[69.25,75.25],"uv_size":[0.5,0.5]}}},{"origin":[-8.25,3.1,-1.55],"size":[16.5,0.4,0.4],"uv":{"down":{"uv":[68.75,75.75],"uv_size":[-0.5,-0.5]},"east":{"uv":[68.25,75.25],"uv_size":[0.5,0.5]},"north":{"uv":[68.25,75.25],"uv_size":[0.5,0.5]},"south":{"uv":[68.25,75.25],"uv_size":[0.5,0.5]},"up":{"uv":[68.75,75.75],"uv_size":[-0.5,-0.5]},"west":{"uv":[68.25,75.25],"uv_size":[0.5,0.5]}}},{"origin":[-8.25,3.9,-0.75],"size":[16.5,0.4,0.4],"uv":{"down":{"uv":[70.75,73.75],"uv_size":[-0.5,-0.5]},"east":{"uv":[70.25,73.25],"uv_size":[0.5,0.5]},"north":{"uv":[70.25,73.25],"uv_size":[0.5,0.5]},"south":{"uv":[70.25,73.25],"uv_size":[0.5,0.5]},"up":{"uv":[70.75,73.75],"uv_size":[-0.5,-0.5]},"west":{"uv":[70.25,73.25],"uv_size":[0.5,0.5]}}},{"origin":[-8.25,3.9,-1.15],"size":[16.5,0.4,0.4],"uv":{"down":{"uv":[69.75,73.75],"uv_size":[-0.5,-0.5]},"east":{"uv":[69.25,73.25],"uv_size":[0.5,0.5]},"north":{"uv":[69.25,73.25],"uv_size":[0.5,0.5]},"south":{"uv":[69.25,73.25],"uv_size":[0.5,0.5]},"up":{"uv":[69.75,73.75],"uv_size":[-0.5,-0.5]},"west":{"uv":[69.25,73.25],"uv_size":[0.5,0.5]}}},{"origin":[-8.25,3.9,-1.55],"size":[16.5,0.4,0.4],"uv":{"down":{"uv":[68.75,73.75],"uv_size":[-0.5,-0.5]},"east":{"uv":[68.25,73.25],"uv_size":[0.5,0.5]},"north":{"uv":[68.25,73.25],"uv_size":[0.5,0.5]},"south":{"uv":[68.25,73.25],"uv_size":[0.5,0.5]},"up":{"uv":[68.75,73.75],"uv_size":[-0.5,-0.5]},"west":{"uv":[68.25,73.25],"uv_size":[0.5,0.5]}}},{"origin":[-8.25,3.5,-0.75],"size":[16.5,0.4,0.4],"uv":{"down":{"uv":[70.75,74.75],"uv_size":[-0.5,-0.5]},"east":{"uv":[70.25,74.25],"uv_size":[0.5,0.5]},"north":{"uv":[70.25,74.25],"uv_size":[0.5,0.5]},"south":{"uv":[70.25,74.25],"uv_size":[0.5,0.5]},"up":{"uv":[70.75,74.75],"uv_size":[-0.5,-0.5]},"west":{"uv":[70.25,74.25],"uv_size":[0.5,0.5]}}},{"origin":[-8.25,3.5,-1.15],"size":[16.5,0.4,0.4],"uv":{"down":{"uv":[69.75,74.75],"uv_size":[-0.5,-0.5]},"east":{"uv":[69.25,74.25],"uv_size":[0.5,0.5]},"north":{"uv":[69.25,74.25],"uv_size":[0.5,0.5]},"south":{"uv":[69.25,74.25],"uv_size":[0.5,0.5]},"up":{"uv":[69.75,74.75],"uv_size":[-0.5,-0.5]},"west":{"uv":[69.25,74.25],"uv_size":[0.5,0.5]}}},{"origin":[-8.25,3.5,-1.95],"size":[16.5,0.4,0.4],"uv":{"down":{"uv":[67.75,74.75],"uv_size":[-0.5,-0.5]},"east":{"uv":[67.25,74.25],"uv_size":[0.5,0.5]},"north":{"uv":[67.25,74.25],"uv_size":[0.5,0.5]},"south":{"uv":[67.25,74.25],"uv_size":[0.5,0.5]},"up":{"uv":[67.75,74.75],"uv_size":[-0.5,-0.5]},"west":{"uv":[67.25,74.25],"uv_size":[0.5,0.5]}}},{"origin":[-8.25,3.5,-1.55],"size":[16.5,0.4,0.4],"uv":{"down":{"uv":[68.75,74.75],"uv_size":[-0.5,-0.5]},"east":{"uv":[68.25,74.25],"uv_size":[0.5,0.5]},"north":{"uv":[68.25,74.25],"uv_size":[0.5,0.5]},"south":{"uv":[68.25,74.25],"uv_size":[0.5,0.5]},"up":{"uv":[68.75,74.75],"uv_size":[-0.5,-0.5]},"west":{"uv":[68.25,74.25],"uv_size":[0.5,0.5]}}},{"origin":[-8.25,2.7,-1.55],"size":[16.5,0.4,0.4],"uv":{"down":{"uv":[68.75,76.75],"uv_size":[-0.5,-0.5]},"east":{"uv":[68.25,76.25],"uv_size":[0.5,0.5]},"north":{"uv":[68.25,76.25],"uv_size":[0.5,0.5]},"south":{"uv":[68.25,76.25],"uv_size":[0.5,0.5]},"up":{"uv":[68.75,76.75],"uv_size":[-0.5,-0.5]},"west":{"uv":[68.25,76.25],"uv_size":[0.5,0.5]}}},{"origin":[-8.25,2.7,-1.15],"size":[16.5,0.4,0.4],"uv":{"down":{"uv":[69.75,76.75],"uv_size":[-0.5,-0.5]},"east":{"uv":[69.25,76.25],"uv_size":[0.5,0.5]},"north":{"uv":[69.25,76.25],"uv_size":[0.5,0.5]},"south":{"uv":[69.25,76.25],"uv_size":[0.5,0.5]},"up":{"uv":[69.75,76.75],"uv_size":[-0.5,-0.5]},"west":{"uv":[69.25,76.25],"uv_size":[0.5,0.5]}}},{"origin":[-8.25,2.7,-0.75],"size":[16.5,0.4,0.4],"uv":{"down":{"uv":[70.75,76.75],"uv_size":[-0.5,-0.5]},"east":{"uv":[70.25,76.25],"uv_size":[0.5,0.5]},"north":{"uv":[70.25,76.25],"uv_size":[0.5,0.5]},"south":{"uv":[70.25,76.25],"uv_size":[0.5,0.5]},"up":{"uv":[70.75,76.75],"uv_size":[-0.5,-0.5]},"west":{"uv":[70.25,76.25],"uv_size":[0.5,0.5]}}},{"origin":[-8.25,2.3,-1.15],"size":[16.5,0.4,0.4],"uv":{"down":{"uv":[69.75,77.75],"uv_size":[-0.5,-0.5]},"east":{"uv":[69.25,77.25],"uv_size":[0.5,0.5]},"north":{"uv":[69.25,77.25],"uv_size":[0.5,0.5]},"south":{"uv":[69.25,77.25],"uv_size":[0.5,0.5]},"up":{"uv":[69.75,77.75],"uv_size":[-0.5,-0.5]},"west":{"uv":[69.25,77.25],"uv_size":[0.5,0.5]}}},{"origin":[-8.25,2.3,-0.75],"size":[16.5,0.4,0.4],"uv":{"down":{"uv":[70.75,77.75],"uv_size":[-0.5,-0.5]},"east":{"uv":[70.25,77.25],"uv_size":[0.5,0.5]},"north":{"uv":[70.25,77.25],"uv_size":[0.5,0.5]},"south":{"uv":[70.25,77.25],"uv_size":[0.5,0.5]},"up":{"uv":[70.75,77.75],"uv_size":[-0.5,-0.5]},"west":{"uv":[70.25,77.25],"uv_size":[0.5,0.5]}}},{"origin":[-8.25,2.3,-0.35],"size":[16.5,0.4,0.4],"uv":{"down":{"uv":[71.75,77.75],"uv_size":[-0.5,-0.5]},"east":{"uv":[71.25,77.25],"uv_size":[0.5,0.5]},"north":{"uv":[71.25,77.25],"uv_size":[0.5,0.5]},"south":{"uv":[71.25,77.25],"uv_size":[0.5,0.5]},"up":{"uv":[71.75,77.75],"uv_size":[-0.5,-0.5]},"west":{"uv":[71.25,77.25],"uv_size":[0.5,0.5]}}},{"origin":[-8.25,2.7,-0.35],"size":[16.5,0.4,0.4],"uv":{"down":{"uv":[71.75,76.75],"uv_size":[-0.5,-0.5]},"east":{"uv":[71.25,76.25],"uv_size":[0.5,0.5]},"north":{"uv":[71.25,76.25],"uv_size":[0.5,0.5]},"south":{"uv":[71.25,76.25],"uv_size":[0.5,0.5]},"up":{"uv":[71.75,76.75],"uv_size":[-0.5,-0.5]},"west":{"uv":[71.25,76.25],"uv_size":[0.5,0.5]}}},{"origin":[-8.25,2.7,0.05],"size":[16.5,0.4,0.4],"uv":{"down":{"uv":[72.75,76.75],"uv_size":[-0.5,-0.5]},"east":{"uv":[72.25,76.25],"uv_size":[0.5,0.5]},"north":{"uv":[72.25,76.25],"uv_size":[0.5,0.5]},"south":{"uv":[72.25,76.25],"uv_size":[0.5,0.5]},"up":{"uv":[72.75,76.75],"uv_size":[-0.5,-0.5]},"west":{"uv":[72.25,76.25],"uv_size":[0.5,0.5]}}},{"origin":[-8.25,2.3,0.05],"size":[16.5,0.4,0.4],"uv":{"down":{"uv":[72.75,77.75],"uv_size":[-0.5,-0.5]},"east":{"uv":[72.25,77.25],"uv_size":[0.5,0.5]},"north":{"uv":[72.25,77.25],"uv_size":[0.5,0.5]},"south":{"uv":[72.25,77.25],"uv_size":[0.5,0.5]},"up":{"uv":[72.75,77.75],"uv_size":[-0.5,-0.5]},"west":{"uv":[72.25,77.25],"uv_size":[0.5,0.5]}}},{"origin":[-8.25,2.3,0.45],"size":[16.5,0.4,0.4],"uv":{"down":{"uv":[73.75,77.75],"uv_size":[-0.5,-0.5]},"east":{"uv":[73.25,77.25],"uv_size":[0.5,0.5]},"north":{"uv":[73.25,77.25],"uv_size":[0.5,0.5]},"south":{"uv":[73.25,77.25],"uv_size":[0.5,0.5]},"up":{"uv":[73.75,77.75],"uv_size":[-0.5,-0.5]},"west":{"uv":[73.25,77.25],"uv_size":[0.5,0.5]}}},{"origin":[-8.25,2.7,0.45],"size":[16.5,0.4,0.4],"uv":{"down":{"uv":[73.75,76.75],"uv_size":[-0.5,-0.5]},"east":{"uv":[73.25,76.25],"uv_size":[0.5,0.5]},"north":{"uv":[73.25,76.25],"uv_size":[0.5,0.5]},"south":{"uv":[73.25,76.25],"uv_size":[0.5,0.5]},"up":{"uv":[73.75,76.75],"uv_size":[-0.5,-0.5]},"west":{"uv":[73.25,76.25],"uv_size":[0.5,0.5]}}},{"origin":[-8.25,2.3,0.85],"size":[16.5,0.4,0.4],"uv":{"down":{"uv":[74.75,77.75],"uv_size":[-0.5,-0.5]},"east":{"uv":[74.25,77.25],"uv_size":[0.5,0.5]},"north":{"uv":[74.25,77.25],"uv_size":[0.5,0.5]},"south":{"uv":[74.25,77.25],"uv_size":[0.5,0.5]},"up":{"uv":[74.75,77.75],"uv_size":[-0.5,-0.5]},"west":{"uv":[74.25,77.25],"uv_size":[0.5,0.5]}}},{"origin":[-8.25,2.7,0.85],"size":[16.5,0.4,0.4],"uv":{"down":{"uv":[74.75,76.75],"uv_size":[-0.5,-0.5]},"east":{"uv":[74.25,76.25],"uv_size":[0.5,0.5]},"north":{"uv":[74.25,76.25],"uv_size":[0.5,0.5]},"south":{"uv":[74.25,76.25],"uv_size":[0.5,0.5]},"up":{"uv":[74.75,76.75],"uv_size":[-0.5,-0.5]},"west":{"uv":[74.25,76.25],"uv_size":[0.5,0.5]}}},{"origin":[-8.25,2.7,1.25],"size":[16.5,0.4,0.4],"uv":{"down":{"uv":[75.75,76.75],"uv_size":[-0.5,-0.5]},"east":{"uv":[75.25,76.25],"uv_size":[0.5,0.5]},"north":{"uv":[75.25,76.25],"uv_size":[0.5,0.5]},"south":{"uv":[75.25,76.25],"uv_size":[0.5,0.5]},"up":{"uv":[75.75,76.75],"uv_size":[-0.5,-0.5]},"west":{"uv":[75.25,76.25],"uv_size":[0.5,0.5]}}},{"origin":[-8.25,1.5,-0.75],"size":[16.5,0.4,0.4],"uv":{"down":{"uv":[70.75,79.75],"uv_size":[-0.5,-0.5]},"east":{"uv":[70.25,79.25],"uv_size":[0.5,0.5]},"north":{"uv":[70.25,79.25],"uv_size":[0.5,0.5]},"south":{"uv":[70.25,79.25],"uv_size":[0.5,0.5]},"up":{"uv":[70.75,79.75],"uv_size":[-0.5,-0.5]},"west":{"uv":[70.25,79.25],"uv_size":[0.5,0.5]}}},{"origin":[-8.25,1.9,-1.15],"size":[16.5,0.4,0.4],"uv":{"down":{"uv":[69.75,78.75],"uv_size":[-0.5,-0.5]},"east":{"uv":[69.25,78.25],"uv_size":[0.5,0.5]},"north":{"uv":[69.25,78.25],"uv_size":[0.5,0.5]},"south":{"uv":[69.25,78.25],"uv_size":[0.5,0.5]},"up":{"uv":[69.75,78.75],"uv_size":[-0.5,-0.5]},"west":{"uv":[69.25,78.25],"uv_size":[0.5,0.5]}}},{"origin":[-8.25,1.9,-0.75],"size":[16.5,0.4,0.4],"uv":{"down":{"uv":[70.75,78.75],"uv_size":[-0.5,-0.5]},"east":{"uv":[70.25,78.25],"uv_size":[0.5,0.5]},"north":{"uv":[70.25,78.25],"uv_size":[0.5,0.5]},"south":{"uv":[70.25,78.25],"uv_size":[0.5,0.5]},"up":{"uv":[70.75,78.75],"uv_size":[-0.5,-0.5]},"west":{"uv":[70.25,78.25],"uv_size":[0.5,0.5]}}},{"origin":[-8.25,1.9,-0.35],"size":[16.5,0.4,0.4],"uv":{"down":{"uv":[71.75,78.75],"uv_size":[-0.5,-0.5]},"east":{"uv":[71.25,78.25],"uv_size":[0.5,0.5]},"north":{"uv":[71.25,78.25],"uv_size":[0.5,0.5]},"south":{"uv":[71.25,78.25],"uv_size":[0.5,0.5]},"up":{"uv":[71.75,78.75],"uv_size":[-0.5,-0.5]},"west":{"uv":[71.25,78.25],"uv_size":[0.5,0.5]}}},{"origin":[-8.25,1.9,0.05],"size":[16.5,0.4,0.4],"uv":{"down":{"uv":[72.75,78.75],"uv_size":[-0.5,-0.5]},"east":{"uv":[72.25,78.25],"uv_size":[0.5,0.5]},"north":{"uv":[72.25,78.25],"uv_size":[0.5,0.5]},"south":{"uv":[72.25,78.25],"uv_size":[0.5,0.5]},"up":{"uv":[72.75,78.75],"uv_size":[-0.5,-0.5]},"west":{"uv":[72.25,78.25],"uv_size":[0.5,0.5]}}},{"origin":[-8.25,1.5,-0.35],"size":[16.5,0.4,0.4],"uv":{"down":{"uv":[71.75,79.75],"uv_size":[-0.5,-0.5]},"east":{"uv":[71.25,79.25],"uv_size":[0.5,0.5]},"north":{"uv":[71.25,79.25],"uv_size":[0.5,0.5]},"south":{"uv":[71.25,79.25],"uv_size":[0.5,0.5]},"up":{"uv":[71.75,79.75],"uv_size":[-0.5,-0.5]},"west":{"uv":[71.25,79.25],"uv_size":[0.5,0.5]}}},{"origin":[-8.25,1.5,0.05],"size":[16.5,0.4,0.4],"uv":{"down":{"uv":[72.75,79.75],"uv_size":[-0.5,-0.5]},"east":{"uv":[72.25,79.25],"uv_size":[0.5,0.5]},"north":{"uv":[72.25,79.25],"uv_size":[0.5,0.5]},"south":{"uv":[72.25,79.25],"uv_size":[0.5,0.5]},"up":{"uv":[72.75,79.75],"uv_size":[-0.5,-0.5]},"west":{"uv":[72.25,79.25],"uv_size":[0.5,0.5]}}},{"origin":[-8.25,1.9,0.45],"size":[16.5,0.4,0.4],"uv":{"down":{"uv":[73.75,78.75],"uv_size":[-0.5,-0.5]},"east":{"uv":[73.25,78.25],"uv_size":[0.5,0.5]},"north":{"uv":[73.25,78.25],"uv_size":[0.5,0.5]},"south":{"uv":[73.25,78.25],"uv_size":[0.5,0.5]},"up":{"uv":[73.75,78.75],"uv_size":[-0.5,-0.5]},"west":{"uv":[73.25,78.25],"uv_size":[0.5,0.5]}}},{"origin":[-8.25,1.5,0.45],"size":[16.5,0.4,0.4],"uv":{"down":{"uv":[73.75,79.75],"uv_size":[-0.5,-0.5]},"east":{"uv":[73.25,79.25],"uv_size":[0.5,0.5]},"north":{"uv":[73.25,79.25],"uv_size":[0.5,0.5]},"south":{"uv":[73.25,79.25],"uv_size":[0.5,0.5]},"up":{"uv":[73.75,79.75],"uv_size":[-0.5,-0.5]},"west":{"uv":[73.25,79.25],"uv_size":[0.5,0.5]}}},{"origin":[-8.25,1.9,0.85],"size":[16.5,0.4,0.4],"uv":{"down":{"uv":[74.75,78.75],"uv_size":[-0.5,-0.5]},"east":{"uv":[74.25,78.25],"uv_size":[0.5,0.5]},"north":{"uv":[74.25,78.25],"uv_size":[0.5,0.5]},"south":{"uv":[74.25,78.25],"uv_size":[0.5,0.5]},"up":{"uv":[74.75,78.75],"uv_size":[-0.5,-0.5]},"west":{"uv":[74.25,78.25],"uv_size":[0.5,0.5]}}},{"mirror":true,"origin":[1.95711,6.44289,-9.25],"pivot":[2.45711,7.94289,-8.75],"rotation":[0,0,90],"size":[2,1,1],"uv":[39,87]}],"name":"case","parent":"root_item","pivot":[0,0,0]}],"description":{"identifier":"geometry.mascot_sphere_case","texture_height":128,"texture_width":128,"visible_bounds_height":2.5,"visible_bounds_offset":[0,0.75,0],"visible_bounds_width":3}}]}