{"animations":{"animation.help":{"animation_length":12.125,"bones":{"pirate_statue11":{"rotation":{"0.0":[0,0,0],"0.5":[22.5,0,0],"8.0":[22.5,0,0],"8.5":[0,0,0]}},"pirate_statue13":{"position":[0,-2,0],"rotation":{"1.0":[-177.06311,-0.13777,-87.54183],"2.75":[-180.0096,-2.9401,-720.03805],"6.0":[-180.0096,-2.9401,-720.03805],"7.75":[-177.06311,-0.13777,-87.54183]}},"pirate_statue14":{"rotation":{"2.5":[0,0,90],"2.75":[0,0,0],"6.0":[0,0,0],"6.25":[0,0,90]}},"pirate_statue15":{"rotation":{"2.25":[0,0,90],"2.5":[0,0,0],"6.25":[0,0,0],"6.5":[0,0,90]}},"pirate_statue16":{"rotation":{"2.0":[0,0,90],"2.25":[0,0,0],"6.5":[0,0,0],"6.75":[0,0,90]}},"pirate_statue17":{"rotation":{"1.75":[0,0,90],"2.0":[0,0,0],"6.75":[0,0,0],"7.0":[0,0,90]}},"pirate_statue18":{"rotation":{"1.5":[0,0,90],"1.75":[0,0,0],"7.0":[0,0,0],"7.25":[0,0,90]}},"pirate_statue19":{"rotation":{"1.25":[0,0,90],"1.5":[0,0,0],"7.25":[0,0,0],"7.5":[0,0,90]}},"pirate_statue20":{"rotation":{"1.0":[0,0,90],"1.25":[0,0,0],"7.5":[0,0,0],"7.75":[0,0,90]}},"pirate_statue3":{"rotation":{"0.0":[0,0,0],"0.5":[12.5,0,0],"8.0":[12.5,0,0],"8.5":[0,0,0]}},"pirate_statue7":{"rotation":{"0.0":[0,0,0],"0.5":[-45,0,0],"1.0":[-41.57337,19.05681,20.20848],"2.5":[-45,0,0],"6.0":[-45,0,0],"7.5":[-41.57337,19.05681,20.20848],"8.0":[-45,0,0],"8.5":[0,0,0]}},"pirate_statue8":{"rotation":{"0.0":[0,0,0],"0.5":[-45,0,0],"1.0":[-41.57337,-19.05681,-20.20848],"2.5":[-45,0,0],"2.75":[-44.56145,7.05302,7.10708],"6.0":[-44.56145,7.05302,7.10708],"6.25":[-45,0,0],"7.5417":[-41.57337,-19.05681,-20.20848],"8.0417":[-45,0,0],"8.5417":[0,0,0]}}},"loop":true}},"format_version":"1.8.0"}