{"animations":{"animation.costumecase":{"animation_length":10,"bones":{"bone":{"rotation":{"0.0":[0,0,0],"3.7917":[-15,0,0]}},"bone2":{"rotation":{"10.0":[0,0,0],"3.6667":[0,1200,0]},"scale":{"3.6667":[1,1,1],"3.7917":[7,10,7]}},"bone3":{"rotation":{"0.0":[0,0,0],"3.7917":[15,0,0]}},"bone4":{"rotation":{"0.0":[0,0,0],"3.7917":[0,0,15]}},"bone5":{"rotation":{"0.0":[0,0,0],"3.7917":[0,0,-15]}},"bone6":{"position":{"3.6667":[0,0,0],"3.7917":[0,7,0]},"rotation":{"10.0":[0,-720,0],"3.6667":[0,0,0]},"scale":0.5},"chest_head":{"rotation":{"3.6667":[0,0,0],"3.7917":[-65,0,0],"4.5417":[-65,0,0],"4.8333":[-102.5,0,0],"9.8333":[-102.5,0,0],"9.9583":[0,0,0]}},"head":{"position":{"0.3333":{"lerp_mode":"catmullrom","post":[0,0,0],"pre":[0,0,0]},"0.9167":{"lerp_mode":"catmullrom","post":[0,1.2,0]},"1.0417":{"lerp_mode":"catmullrom","post":[0,0,0]},"1.125":{"lerp_mode":"catmullrom","post":[0,1.2,0]},"1.2917":{"lerp_mode":"catmullrom","post":[0,4.2,0]},"1.4583":{"lerp_mode":"catmullrom","post":[0,1.2,0]},"1.5417":{"lerp_mode":"catmullrom","post":[0,0,0]},"1.625":{"lerp_mode":"catmullrom","post":[0,1.2,0]},"1.7917":{"lerp_mode":"catmullrom","post":[0,4.2,0]},"1.9583":{"lerp_mode":"catmullrom","post":[0,1.2,0]},"2.0417":{"lerp_mode":"catmullrom","post":[0,0,0]},"2.125":{"lerp_mode":"catmullrom","post":[0,1.2,0]},"2.2917":{"lerp_mode":"catmullrom","post":[0,4.2,0]},"2.4583":{"lerp_mode":"catmullrom","post":[0,1.2,0]},"2.5417":{"lerp_mode":"catmullrom","post":[0,0,0]},"2.625":{"lerp_mode":"catmullrom","post":[0,1.2,0]},"2.7083":{"lerp_mode":"catmullrom","post":[0,0,0]},"2.7917":{"lerp_mode":"catmullrom","post":[0,1.2,0]},"2.875":{"lerp_mode":"catmullrom","post":[0,0,0]},"2.9583":{"lerp_mode":"catmullrom","post":[0,1.2,0]},"3.0417":{"lerp_mode":"catmullrom","post":[0,0,0]},"3.125":{"lerp_mode":"catmullrom","post":[0,1.2,0]},"3.2083":{"lerp_mode":"catmullrom","post":[0,0,0]},"3.2917":{"lerp_mode":"catmullrom","post":[0,1.2,0]},"3.375":{"lerp_mode":"catmullrom","post":[0,0,0]},"3.4583":{"lerp_mode":"catmullrom","post":[0,1.2,0]},"3.5417":{"lerp_mode":"catmullrom","post":[0,0,0]},"3.6667":{"lerp_mode":"catmullrom","post":[0,6.45,0]},"3.8333":{"lerp_mode":"catmullrom","post":[0,10.33,0]},"3.9583":{"lerp_mode":"catmullrom","post":[0,12.91,0]},"4.0833":{"lerp_mode":"catmullrom","post":[0,14.2,0]},"4.5417":{"lerp_mode":"catmullrom","post":[0,14.2,0]},"4.75":{"lerp_mode":"catmullrom","post":[0,1.2,0]},"4.8333":{"lerp_mode":"catmullrom","post":[0,0,0]}},"rotation":{"0.3333":{"lerp_mode":"catmullrom","post":[0,0,0],"pre":[0,0,0]},"0.9167":{"lerp_mode":"catmullrom","post":[0,0,-5]},"1.0417":{"lerp_mode":"catmullrom","post":[0,0,0]},"1.125":{"lerp_mode":"catmullrom","post":[0,0,5]},"1.4583":{"lerp_mode":"catmullrom","post":[0,0,-5]},"1.5417":{"lerp_mode":"catmullrom","post":[0,0,0]},"1.625":{"lerp_mode":"catmullrom","post":[0,0,5]},"1.9583":{"lerp_mode":"catmullrom","post":[0,0,-5]},"2.0417":{"lerp_mode":"catmullrom","post":[0,0,0]},"2.125":{"lerp_mode":"catmullrom","post":[0,0,5]},"2.4583":{"lerp_mode":"catmullrom","post":[0,0,-5]},"2.5417":{"lerp_mode":"catmullrom","post":[0,0,0]},"2.625":{"lerp_mode":"catmullrom","post":[0,0,5]},"2.7083":{"lerp_mode":"catmullrom","post":[0,0,0]},"2.7917":{"lerp_mode":"catmullrom","post":[0,0,-5]},"2.875":{"lerp_mode":"catmullrom","post":[0,0,0]},"2.9583":{"lerp_mode":"catmullrom","post":[0,0,5]},"3.0417":{"lerp_mode":"catmullrom","post":[0,0,0]},"3.125":{"lerp_mode":"catmullrom","post":[0,0,-5]},"3.2083":{"lerp_mode":"catmullrom","post":[0,0,0]},"3.2917":{"lerp_mode":"catmullrom","post":[0,0,5]},"3.375":{"lerp_mode":"catmullrom","post":[0,0,0]},"3.4583":{"lerp_mode":"catmullrom","post":[0,0,-5]},"3.5417":{"lerp_mode":"catmullrom","post":[0,0,0]},"3.625":{"lerp_mode":"catmullrom","post":[0,0,5]},"3.6667":{"lerp_mode":"catmullrom","post":[0,0,4.44]},"3.7917":{"lerp_mode":"catmullrom","post":[-7.5,0,2.78]},"4.5417":{"lerp_mode":"catmullrom","post":[-7.5,0,0]},"4.75":{"lerp_mode":"catmullrom","post":[-7.5,0,-5]},"4.8333":{"lerp_mode":"catmullrom","post":[0,0,0]}}}}}},"format_version":"1.8.0"}