{"animations":{"animation.axoleyes_animation":{"animation_length":2.125,"bones":{"leftEyeendolotl":{"scale":{"0.9167":[1,1,1],"0.9583":[1,0,1],"1.0":[1,0,1],"1.0417":[1,1,1]}},"rightEyeendolotl":{"scale":{"0.9167":[1,1,1],"0.9583":[1,0,1],"1.0":[1,0,1],"1.0417":[1,1,1]}}},"loop":true},"animation.axolmove_animation":{"bones":{"endolotl":{"position":[0,"math.cos(query.anim_time * 115.2) * 3",0],"rotation":["math.sin(query.anim_time * 115.2) * 20",0,0],"scale":0.7},"head2endolotl":{"rotation":["math.cos(query.anim_time * 115.2) * 9",0,0]},"leftBackLegendolotl":{"rotation":[0,0,"math.sin(query.anim_time * 56.6) * -20"]},"leftFinendolotl":{"rotation":[0,"math.cos(query.anim_time * 115.2) * 10",0]},"leftLeg2endolotl":{"rotation":[0,0,"math.sin(query.anim_time * 115.2) * -20"]},"rightBackLegendolotl":{"rotation":[0,0,"math.sin(query.anim_time * 56.6) * 20"]},"rightFinendolotl":{"rotation":[0,"math.cos(query.anim_time * 115.2) * 10",0]},"rightLeg2endolotl":{"rotation":[0,0,"math.sin(query.anim_time * 115.2) * 20"]},"tailendolotl":{"rotation":["math.cos(query.anim_time * 115.2) * -9","math.sin(query.anim_time * 52) * -9",0]},"topFinendolotl":{"rotation":["math.cos(query.anim_time * 115.2) * -10",0,0]}},"loop":true}},"format_version":"1.8.0"}