{"animations":{"animation.flame_costume":{"animation_length":4.5,"bones":{"rgb_flame_armor_body_rgb":{"scale":{"0.2083":[1,1,1],"0.25":{"post":[0,0,0],"pre":[1,1,1]}}},"rgb_flame_armor_body_rgb10":{"scale":{"2.2083":[0,0,0],"2.25":{"post":[1,1,1],"pre":[0,0,0]},"2.4583":[1,1,1],"2.5":{"post":[0,0,0],"pre":[1,1,1]}}},"rgb_flame_armor_body_rgb11":{"scale":{"2.4583":[0,0,0],"2.5":{"post":[1,1,1],"pre":[0,0,0]},"2.7083":[1,1,1],"2.75":{"post":[0,0,0],"pre":[1,1,1]}}},"rgb_flame_armor_body_rgb12":{"scale":{"2.7083":[0,0,0],"2.75":{"post":[1,1,1],"pre":[0,0,0]},"2.9583":[1,1,1],"3.0":{"post":[0,0,0],"pre":[1,1,1]}}},"rgb_flame_armor_body_rgb13":{"scale":{"2.9583":[0,0,0],"3.0":{"post":[1,1,1],"pre":[0,0,0]},"3.2083":[1,1,1],"3.25":{"post":[0,0,0],"pre":[1,1,1]}}},"rgb_flame_armor_body_rgb14":{"scale":{"3.2083":[0,0,0],"3.25":{"post":[1,1,1],"pre":[0,0,0]},"3.4583":[1,1,1],"3.5":{"post":[0,0,0],"pre":[1,1,1]}}},"rgb_flame_armor_body_rgb15":{"scale":{"3.4583":[0,0,0],"3.5":{"post":[1,1,1],"pre":[0,0,0]},"3.7083":[1,1,1],"3.75":{"post":[0,0,0],"pre":[1,1,1]}}},"rgb_flame_armor_body_rgb16":{"scale":{"3.7083":[0,0,0],"3.75":{"post":[1,1,1],"pre":[0,0,0]},"3.9583":[1,1,1],"4.0":{"post":[0,0,0],"pre":[1,1,1]}}},"rgb_flame_armor_body_rgb17":{"scale":{"3.9583":[0,0,0],"4.0":{"post":[1,1,1],"pre":[0,0,0]},"4.2083":[1,1,1],"4.25":{"post":[0,0,0],"pre":[1,1,1]}}},"rgb_flame_armor_body_rgb18":{"scale":{"4.2083":[0,0,0],"4.25":{"post":[1,1,1],"pre":[0,0,0]},"4.4583":[1,1,1],"4.5":{"post":[0,0,0],"pre":[1,1,1]}}},"rgb_flame_armor_body_rgb2":{"scale":{"0.2083":[0,0,0],"0.25":{"post":[1,1,1],"pre":[0,0,0]},"0.4583":[1,1,1],"0.5":{"post":[0,0,0],"pre":[1,1,1]}}},"rgb_flame_armor_body_rgb3":{"scale":{"0.4583":[0,0,0],"0.5":{"post":[1,1,1],"pre":[0,0,0]},"0.7083":[1,1,1],"0.75":{"post":[0,0,0],"pre":[1,1,1]}}},"rgb_flame_armor_body_rgb4":{"scale":{"0.7083":[0,0,0],"0.75":{"post":[1,1,1],"pre":[0,0,0]},"0.9583":[1,1,1],"1.0":{"post":[0,0,0],"pre":[1,1,1]}}},"rgb_flame_armor_body_rgb5":{"scale":{"0.9583":[0,0,0],"1.0":{"post":[1,1,1],"pre":[0,0,0]},"1.2083":[1,1,1],"1.25":{"post":[0,0,0],"pre":[1,1,1]}}},"rgb_flame_armor_body_rgb6":{"scale":{"1.2083":[0,0,0],"1.25":{"post":[1,1,1],"pre":[0,0,0]},"1.4583":[1,1,1],"1.5":{"post":[0,0,0],"pre":[1,1,1]}}},"rgb_flame_armor_body_rgb7":{"scale":{"1.4583":[0,0,0],"1.5":{"post":[1,1,1],"pre":[0,0,0]},"1.7083":[1,1,1],"1.75":{"post":[0,0,0],"pre":[1,1,1]}}},"rgb_flame_armor_body_rgb8":{"scale":{"1.7083":[0,0,0],"1.75":{"post":[1,1,1],"pre":[0,0,0]},"1.9583":[1,1,1],"2.0":{"post":[0,0,0],"pre":[1,1,1]}}},"rgb_flame_armor_body_rgb9":{"scale":{"1.9583":[0,0,0],"2.0":{"post":[1,1,1],"pre":[0,0,0]},"2.2083":[1,1,1],"2.25":{"post":[0,0,0],"pre":[1,1,1]}}},"rgb_flame_armor_lh_rgb":{"scale":{"0.2083":[1,1,1],"0.25":{"post":[0,0,0],"pre":[1,1,1]}}},"rgb_flame_armor_lh_rgb10":{"scale":{"2.2083":[0,0,0],"2.25":{"post":[1,1,1],"pre":[0,0,0]},"2.4583":[1,1,1],"2.5":{"post":[0,0,0],"pre":[1,1,1]}}},"rgb_flame_armor_lh_rgb11":{"scale":{"2.4583":[0,0,0],"2.5":{"post":[1,1,1],"pre":[0,0,0]},"2.7083":[1,1,1],"2.75":{"post":[0,0,0],"pre":[1,1,1]}}},"rgb_flame_armor_lh_rgb12":{"scale":{"2.7083":[0,0,0],"2.75":{"post":[1,1,1],"pre":[0,0,0]},"2.9583":[1,1,1],"3.0":{"post":[0,0,0],"pre":[1,1,1]}}},"rgb_flame_armor_lh_rgb13":{"scale":{"2.9583":[0,0,0],"3.0":{"post":[1,1,1],"pre":[0,0,0]},"3.2083":[1,1,1],"3.25":{"post":[0,0,0],"pre":[1,1,1]}}},"rgb_flame_armor_lh_rgb14":{"scale":{"3.2083":[0,0,0],"3.25":{"post":[1,1,1],"pre":[0,0,0]},"3.4583":[1,1,1],"3.5":{"post":[0,0,0],"pre":[1,1,1]}}},"rgb_flame_armor_lh_rgb15":{"scale":{"3.4583":[0,0,0],"3.5":{"post":[1,1,1],"pre":[0,0,0]},"3.7083":[1,1,1],"3.75":{"post":[0,0,0],"pre":[1,1,1]}}},"rgb_flame_armor_lh_rgb16":{"scale":{"3.7083":[0,0,0],"3.75":{"post":[1,1,1],"pre":[0,0,0]},"3.9583":[1,1,1],"4.0":{"post":[0,0,0],"pre":[1,1,1]}}},"rgb_flame_armor_lh_rgb17":{"scale":{"3.9583":[0,0,0],"4.0":{"post":[1,1,1],"pre":[0,0,0]},"4.2083":[1,1,1],"4.25":{"post":[0,0,0],"pre":[1,1,1]}}},"rgb_flame_armor_lh_rgb18":{"scale":{"4.2083":[0,0,0],"4.25":{"post":[1,1,1],"pre":[0,0,0]},"4.4583":[1,1,1],"4.5":{"post":[0,0,0],"pre":[1,1,1]}}},"rgb_flame_armor_lh_rgb2":{"scale":{"0.2083":[0,0,0],"0.25":{"post":[1,1,1],"pre":[0,0,0]},"0.4583":[1,1,1],"0.5":{"post":[0,0,0],"pre":[1,1,1]}}},"rgb_flame_armor_lh_rgb3":{"scale":{"0.4583":[0,0,0],"0.5":{"post":[1,1,1],"pre":[0,0,0]},"0.7083":[1,1,1],"0.75":{"post":[0,0,0],"pre":[1,1,1]}}},"rgb_flame_armor_lh_rgb4":{"scale":{"0.7083":[0,0,0],"0.75":{"post":[1,1,1],"pre":[0,0,0]},"0.9583":[1,1,1],"1.0":{"post":[0,0,0],"pre":[1,1,1]}}},"rgb_flame_armor_lh_rgb5":{"scale":{"0.9583":[0,0,0],"1.0":{"post":[1,1,1],"pre":[0,0,0]},"1.2083":[1,1,1],"1.25":{"post":[0,0,0],"pre":[1,1,1]}}},"rgb_flame_armor_lh_rgb6":{"scale":{"1.2083":[0,0,0],"1.25":{"post":[1,1,1],"pre":[0,0,0]},"1.4583":[1,1,1],"1.5":{"post":[0,0,0],"pre":[1,1,1]}}},"rgb_flame_armor_lh_rgb7":{"scale":{"1.4583":[0,0,0],"1.5":{"post":[1,1,1],"pre":[0,0,0]},"1.7083":[1,1,1],"1.75":{"post":[0,0,0],"pre":[1,1,1]}}},"rgb_flame_armor_lh_rgb8":{"scale":{"1.7083":[0,0,0],"1.75":{"post":[1,1,1],"pre":[0,0,0]},"1.9583":[1,1,1],"2.0":{"post":[0,0,0],"pre":[1,1,1]}}},"rgb_flame_armor_lh_rgb9":{"scale":{"1.9583":[0,0,0],"2.0":{"post":[1,1,1],"pre":[0,0,0]},"2.2083":[1,1,1],"2.25":{"post":[0,0,0],"pre":[1,1,1]}}},"rgb_flame_armor_ll_rgb":{"scale":{"0.2083":[1,1,1],"0.25":{"post":[0,0,0],"pre":[1,1,1]}}},"rgb_flame_armor_ll_rgb10":{"scale":{"2.2083":[0,0,0],"2.25":{"post":[1,1,1],"pre":[0,0,0]},"2.4583":[1,1,1],"2.5":{"post":[0,0,0],"pre":[1,1,1]}}},"rgb_flame_armor_ll_rgb11":{"scale":{"2.4583":[0,0,0],"2.5":{"post":[1,1,1],"pre":[0,0,0]},"2.7083":[1,1,1],"2.75":{"post":[0,0,0],"pre":[1,1,1]}}},"rgb_flame_armor_ll_rgb12":{"scale":{"2.7083":[0,0,0],"2.75":{"post":[1,1,1],"pre":[0,0,0]},"2.9583":[1,1,1],"3.0":{"post":[0,0,0],"pre":[1,1,1]}}},"rgb_flame_armor_ll_rgb13":{"scale":{"2.9583":[0,0,0],"3.0":{"post":[1,1,1],"pre":[0,0,0]},"3.2083":[1,1,1],"3.25":{"post":[0,0,0],"pre":[1,1,1]}}},"rgb_flame_armor_ll_rgb14":{"scale":{"3.2083":[0,0,0],"3.25":{"post":[1,1,1],"pre":[0,0,0]},"3.4583":[1,1,1],"3.5":{"post":[0,0,0],"pre":[1,1,1]}}},"rgb_flame_armor_ll_rgb15":{"scale":{"3.4583":[0,0,0],"3.5":{"post":[1,1,1],"pre":[0,0,0]},"3.7083":[1,1,1],"3.75":{"post":[0,0,0],"pre":[1,1,1]}}},"rgb_flame_armor_ll_rgb16":{"scale":{"3.7083":[0,0,0],"3.75":{"post":[1,1,1],"pre":[0,0,0]},"3.9583":[1,1,1],"4.0":{"post":[0,0,0],"pre":[1,1,1]}}},"rgb_flame_armor_ll_rgb17":{"scale":{"3.9583":[0,0,0],"4.0":{"post":[1,1,1],"pre":[0,0,0]},"4.2083":[1,1,1],"4.25":{"post":[0,0,0],"pre":[1,1,1]}}},"rgb_flame_armor_ll_rgb18":{"scale":{"4.2083":[0,0,0],"4.25":{"post":[1,1,1],"pre":[0,0,0]},"4.4583":[1,1,1],"4.5":{"post":[0,0,0],"pre":[1,1,1]}}},"rgb_flame_armor_ll_rgb2":{"scale":{"0.2083":[0,0,0],"0.25":{"post":[1,1,1],"pre":[0,0,0]},"0.4583":[1,1,1],"0.5":{"post":[0,0,0],"pre":[1,1,1]}}},"rgb_flame_armor_ll_rgb3":{"scale":{"0.4583":[0,0,0],"0.5":{"post":[1,1,1],"pre":[0,0,0]},"0.7083":[1,1,1],"0.75":{"post":[0,0,0],"pre":[1,1,1]}}},"rgb_flame_armor_ll_rgb4":{"scale":{"0.7083":[0,0,0],"0.75":{"post":[1,1,1],"pre":[0,0,0]},"0.9583":[1,1,1],"1.0":{"post":[0,0,0],"pre":[1,1,1]}}},"rgb_flame_armor_ll_rgb5":{"scale":{"0.9583":[0,0,0],"1.0":{"post":[1,1,1],"pre":[0,0,0]},"1.2083":[1,1,1],"1.25":{"post":[0,0,0],"pre":[1,1,1]}}},"rgb_flame_armor_ll_rgb6":{"scale":{"1.2083":[0,0,0],"1.25":{"post":[1,1,1],"pre":[0,0,0]},"1.4583":[1,1,1],"1.5":{"post":[0,0,0],"pre":[1,1,1]}}},"rgb_flame_armor_ll_rgb7":{"scale":{"1.4583":[0,0,0],"1.5":{"post":[1,1,1],"pre":[0,0,0]},"1.7083":[1,1,1],"1.75":{"post":[0,0,0],"pre":[1,1,1]}}},"rgb_flame_armor_ll_rgb8":{"scale":{"1.7083":[0,0,0],"1.75":{"post":[1,1,1],"pre":[0,0,0]},"1.9583":[1,1,1],"2.0":{"post":[0,0,0],"pre":[1,1,1]}}},"rgb_flame_armor_ll_rgb9":{"scale":{"1.9583":[0,0,0],"2.0":{"post":[1,1,1],"pre":[0,0,0]},"2.2083":[1,1,1],"2.25":{"post":[0,0,0],"pre":[1,1,1]}}},"rgb_flame_armor_rh_rgb":{"scale":{"0.2083":[1,1,1],"0.25":{"post":[0,0,0],"pre":[1,1,1]}}},"rgb_flame_armor_rh_rgb10":{"scale":{"2.2083":[0,0,0],"2.25":{"post":[1,1,1],"pre":[0,0,0]},"2.4583":[1,1,1],"2.5":{"post":[0,0,0],"pre":[1,1,1]}}},"rgb_flame_armor_rh_rgb11":{"scale":{"2.4583":[0,0,0],"2.5":{"post":[1,1,1],"pre":[0,0,0]},"2.7083":[1,1,1],"2.75":{"post":[0,0,0],"pre":[1,1,1]}}},"rgb_flame_armor_rh_rgb12":{"scale":{"2.7083":[0,0,0],"2.75":{"post":[1,1,1],"pre":[0,0,0]},"2.9583":[1,1,1],"3.0":{"post":[0,0,0],"pre":[1,1,1]}}},"rgb_flame_armor_rh_rgb13":{"scale":{"2.9583":[0,0,0],"3.0":{"post":[1,1,1],"pre":[0,0,0]},"3.2083":[1,1,1],"3.25":{"post":[0,0,0],"pre":[1,1,1]}}},"rgb_flame_armor_rh_rgb14":{"scale":{"3.2083":[0,0,0],"3.25":{"post":[1,1,1],"pre":[0,0,0]},"3.4583":[1,1,1],"3.5":{"post":[0,0,0],"pre":[1,1,1]}}},"rgb_flame_armor_rh_rgb15":{"scale":{"3.4583":[0,0,0],"3.5":{"post":[1,1,1],"pre":[0,0,0]},"3.7083":[1,1,1],"3.75":{"post":[0,0,0],"pre":[1,1,1]}}},"rgb_flame_armor_rh_rgb16":{"scale":{"3.7083":[0,0,0],"3.75":{"post":[1,1,1],"pre":[0,0,0]},"3.9583":[1,1,1],"4.0":{"post":[0,0,0],"pre":[1,1,1]}}},"rgb_flame_armor_rh_rgb17":{"scale":{"3.9583":[0,0,0],"4.0":{"post":[1,1,1],"pre":[0,0,0]},"4.2083":[1,1,1],"4.25":{"post":[0,0,0],"pre":[1,1,1]}}},"rgb_flame_armor_rh_rgb18":{"scale":{"4.2083":[0,0,0],"4.25":{"post":[1,1,1],"pre":[0,0,0]},"4.4583":[1,1,1],"4.5":{"post":[0,0,0],"pre":[1,1,1]}}},"rgb_flame_armor_rh_rgb2":{"scale":{"0.2083":[0,0,0],"0.25":{"post":[1,1,1],"pre":[0,0,0]},"0.4583":[1,1,1],"0.5":{"post":[0,0,0],"pre":[1,1,1]}}},"rgb_flame_armor_rh_rgb3":{"scale":{"0.4583":[0,0,0],"0.5":{"post":[1,1,1],"pre":[0,0,0]},"0.7083":[1,1,1],"0.75":{"post":[0,0,0],"pre":[1,1,1]}}},"rgb_flame_armor_rh_rgb4":{"scale":{"0.7083":[0,0,0],"0.75":{"post":[1,1,1],"pre":[0,0,0]},"0.9583":[1,1,1],"1.0":{"post":[0,0,0],"pre":[1,1,1]}}},"rgb_flame_armor_rh_rgb5":{"scale":{"0.9583":[0,0,0],"1.0":{"post":[1,1,1],"pre":[0,0,0]},"1.2083":[1,1,1],"1.25":{"post":[0,0,0],"pre":[1,1,1]}}},"rgb_flame_armor_rh_rgb6":{"scale":{"1.2083":[0,0,0],"1.25":{"post":[1,1,1],"pre":[0,0,0]},"1.4583":[1,1,1],"1.5":{"post":[0,0,0],"pre":[1,1,1]}}},"rgb_flame_armor_rh_rgb7":{"scale":{"1.4583":[0,0,0],"1.5":{"post":[1,1,1],"pre":[0,0,0]},"1.7083":[1,1,1],"1.75":{"post":[0,0,0],"pre":[1,1,1]}}},"rgb_flame_armor_rh_rgb8":{"scale":{"1.7083":[0,0,0],"1.75":{"post":[1,1,1],"pre":[0,0,0]},"1.9583":[1,1,1],"2.0":{"post":[0,0,0],"pre":[1,1,1]}}},"rgb_flame_armor_rh_rgb9":{"scale":{"1.9583":[0,0,0],"2.0":{"post":[1,1,1],"pre":[0,0,0]},"2.2083":[1,1,1],"2.25":{"post":[0,0,0],"pre":[1,1,1]}}},"rgb_flame_armor_rl_rgb":{"scale":{"0.2083":[1,1,1],"0.25":{"post":[0,0,0],"pre":[1,1,1]}}},"rgb_flame_armor_rl_rgb10":{"scale":{"2.2083":[0,0,0],"2.25":{"post":[1,1,1],"pre":[0,0,0]},"2.4583":[1,1,1],"2.5":{"post":[0,0,0],"pre":[1,1,1]}}},"rgb_flame_armor_rl_rgb11":{"scale":{"2.4583":[0,0,0],"2.5":{"post":[1,1,1],"pre":[0,0,0]},"2.7083":[1,1,1],"2.75":{"post":[0,0,0],"pre":[1,1,1]}}},"rgb_flame_armor_rl_rgb12":{"scale":{"2.7083":[0,0,0],"2.75":{"post":[1,1,1],"pre":[0,0,0]},"2.9583":[1,1,1],"3.0":{"post":[0,0,0],"pre":[1,1,1]}}},"rgb_flame_armor_rl_rgb13":{"scale":{"2.9583":[0,0,0],"3.0":{"post":[1,1,1],"pre":[0,0,0]},"3.2083":[1,1,1],"3.25":{"post":[0,0,0],"pre":[1,1,1]}}},"rgb_flame_armor_rl_rgb14":{"scale":{"3.2083":[0,0,0],"3.25":{"post":[1,1,1],"pre":[0,0,0]},"3.4583":[1,1,1],"3.5":{"post":[0,0,0],"pre":[1,1,1]}}},"rgb_flame_armor_rl_rgb15":{"scale":{"3.4583":[0,0,0],"3.5":{"post":[1,1,1],"pre":[0,0,0]},"3.7083":[1,1,1],"3.75":{"post":[0,0,0],"pre":[1,1,1]}}},"rgb_flame_armor_rl_rgb16":{"scale":{"3.7083":[0,0,0],"3.75":{"post":[1,1,1],"pre":[0,0,0]},"3.9583":[1,1,1],"4.0":{"post":[0,0,0],"pre":[1,1,1]}}},"rgb_flame_armor_rl_rgb17":{"scale":{"3.9583":[0,0,0],"4.0":{"post":[1,1,1],"pre":[0,0,0]},"4.2083":[1,1,1],"4.25":{"post":[0,0,0],"pre":[1,1,1]}}},"rgb_flame_armor_rl_rgb18":{"scale":{"4.2083":[0,0,0],"4.25":{"post":[1,1,1],"pre":[0,0,0]},"4.4583":[1,1,1],"4.5":{"post":[0,0,0],"pre":[1,1,1]}}},"rgb_flame_armor_rl_rgb2":{"scale":{"0.2083":[0,0,0],"0.25":{"post":[1,1,1],"pre":[0,0,0]},"0.4583":[1,1,1],"0.5":{"post":[0,0,0],"pre":[1,1,1]}}},"rgb_flame_armor_rl_rgb3":{"scale":{"0.4583":[0,0,0],"0.5":{"post":[1,1,1],"pre":[0,0,0]},"0.7083":[1,1,1],"0.75":{"post":[0,0,0],"pre":[1,1,1]}}},"rgb_flame_armor_rl_rgb4":{"scale":{"0.7083":[0,0,0],"0.75":{"post":[1,1,1],"pre":[0,0,0]},"0.9583":[1,1,1],"1.0":{"post":[0,0,0],"pre":[1,1,1]}}},"rgb_flame_armor_rl_rgb5":{"scale":{"0.9583":[0,0,0],"1.0":{"post":[1,1,1],"pre":[0,0,0]},"1.2083":[1,1,1],"1.25":{"post":[0,0,0],"pre":[1,1,1]}}},"rgb_flame_armor_rl_rgb6":{"scale":{"1.2083":[0,0,0],"1.25":{"post":[1,1,1],"pre":[0,0,0]},"1.4583":[1,1,1],"1.5":{"post":[0,0,0],"pre":[1,1,1]}}},"rgb_flame_armor_rl_rgb7":{"scale":{"1.4583":[0,0,0],"1.5":{"post":[1,1,1],"pre":[0,0,0]},"1.7083":[1,1,1],"1.75":{"post":[0,0,0],"pre":[1,1,1]}}},"rgb_flame_armor_rl_rgb8":{"scale":{"1.7083":[0,0,0],"1.75":{"post":[1,1,1],"pre":[0,0,0]},"1.9583":[1,1,1],"2.0":{"post":[0,0,0],"pre":[1,1,1]}}},"rgb_flame_armor_rl_rgb9":{"scale":{"1.9583":[0,0,0],"2.0":{"post":[1,1,1],"pre":[0,0,0]},"2.2083":[1,1,1],"2.25":{"post":[0,0,0],"pre":[1,1,1]}}}},"loop":true}},"format_version":"1.8.0"}