{"animations":{"animation.btfpurgkpvaone":{"bones":{"btfpurgkpva_2":{"rotation":["math.sin(query.anim_time * 186) * 50",0,0]},"btfpurgkpva_3":{"rotation":["-math.sin(query.anim_time * 186) * 50",0,0]},"btfpurgkpva_4":{"rotation":[0,0,"math.sin((math.sin(query.anim_time * 10))/(math.cos(query.anim_time * 10))) * 50"]},"btfpurgkpva_5":{"position":["math.sin(query.anim_time * 100) * 10","math.sin(query.anim_time * 186) * 2","math.cos(query.anim_time * 100) * 10"],"rotation":[0,"query.anim_time*100",0]}},"loop":true}},"format_version":"1.8.0"}