{"animations":{"animation.pink_headphone1":{"animation_length":2.5,"bones":{"pink_headphones10":{"scale":{"1.625":[0,0,0],"1.6667":{"post":[1,1,1],"pre":[0,0,0]},"1.9583":{"post":[1,1,1],"pre":[1,1,1]},"2.0":{"post":[0,0,0],"pre":[1,1,1]}}},"pink_headphones11":{"scale":{"0.2917":[0,0,0],"0.3333":{"post":[1,1,1],"pre":[0,0,0]},"0.625":{"post":[1,1,1],"pre":[1,1,1]},"0.6667":{"post":[0,0,0],"pre":[1,1,1]}}},"pink_headphones12":{"scale":{"0.625":[0,0,0],"0.6667":{"post":[1,1,1],"pre":[0,0,0]},"0.9583":{"post":[1,1,1],"pre":[1,1,1]},"1.0":{"post":[0,0,0],"pre":[1,1,1]}}},"pink_headphones13":{"scale":{"1.2917":[0,0,0],"1.3333":{"post":[1,1,1],"pre":[0,0,0]},"1.625":{"post":[1,1,1],"pre":[1,1,1]},"1.6667":{"post":[0,0,0],"pre":[1,1,1]}}},"pink_headphones14":{"scale":{"0.9583":[0,0,0],"1.0":{"post":[1,1,1],"pre":[0,0,0]},"1.2917":{"post":[1,1,1],"pre":[1,1,1]},"1.3333":{"post":[0,0,0],"pre":[1,1,1]}}},"pink_headphones15":{"scale":{"0.2917":[1,1,1],"0.3333":{"post":[0,0,0],"pre":[1,1,1]},"1.625":{"post":[0,0,0],"pre":[0,0,0]},"1.6667":{"post":[1,1,1],"pre":[0,0,0]},"2.0":{"post":[1,1,1],"pre":[1,1,1]},"2.0417":{"post":[1,1,1],"pre":[1,1,1]}}},"pink_headphones16":{"scale":{"0.2917":[0,0,0],"0.3333":{"post":[1,1,1],"pre":[0,0,0]},"0.625":{"post":[1,1,1],"pre":[1,1,1]},"0.6667":{"post":[0,0,0],"pre":[1,1,1]},"1.1667":{"post":[0,0,0],"pre":[0,0,0]},"1.2083":{"post":[1,1,1],"pre":[0,0,0]},"1.625":{"post":[1,1,1],"pre":[1,1,1]},"1.6667":{"post":[0,0,0],"pre":[1,1,1]}}},"pink_headphones17":{"scale":{"0.625":[0,0,0],"0.6667":{"post":[1,1,1],"pre":[0,0,0]},"1.1667":{"post":[1,1,1],"pre":[1,1,1]},"1.2083":{"post":[0,0,0],"pre":[1,1,1]}}},"pink_headphones2":{"scale":{"0.2917":[0,0,0],"0.3333":{"post":[1,1,1],"pre":[0,0,0]},"0.625":{"post":[1,1,1],"pre":[1,1,1]},"0.6667":{"post":[0,0,0],"pre":[1,1,1]}}},"pink_headphones3":{"scale":{"0.625":[0,0,0],"0.6667":{"post":[1,1,1],"pre":[0,0,0]},"0.9583":{"post":[1,1,1],"pre":[1,1,1]},"1.0":{"post":[0,0,0],"pre":[1,1,1]}}},"pink_headphones4":{"scale":{"0.9583":[0,0,0],"1.0":{"post":[1,1,1],"pre":[0,0,0]},"1.2917":{"post":[1,1,1],"pre":[1,1,1]},"1.3333":{"post":[0,0,0],"pre":[1,1,1]}}},"pink_headphones5":{"scale":{"0.2917":[1,1,1],"0.3333":{"post":[0,0,0],"pre":[1,1,1]},"1.625":{"post":[0,0,0],"pre":[0,0,0]},"1.6667":{"post":[1,1,1],"pre":[0,0,0]},"2.0":{"post":[1,1,1],"pre":[1,1,1]},"2.0417":{"post":[1,1,1],"pre":[1,1,1]}}},"pink_headphones6":{"scale":{"0.2917":[0,0,0],"0.3333":{"post":[1,1,1],"pre":[0,0,0]},"0.625":{"post":[1,1,1],"pre":[1,1,1]},"0.6667":{"post":[0,0,0],"pre":[1,1,1]},"1.1667":{"post":[0,0,0],"pre":[0,0,0]},"1.2083":{"post":[1,1,1],"pre":[0,0,0]},"1.625":{"post":[1,1,1],"pre":[1,1,1]},"1.6667":{"post":[0,0,0],"pre":[1,1,1]}}},"pink_headphones7":{"scale":{"0.625":[0,0,0],"0.6667":{"post":[1,1,1],"pre":[0,0,0]},"1.1667":{"post":[1,1,1],"pre":[1,1,1]},"1.2083":{"post":[0,0,0],"pre":[1,1,1]}}},"pink_headphones8":{"scale":{"1.2917":[0,0,0],"1.3333":{"post":[1,1,1],"pre":[0,0,0]},"1.625":{"post":[1,1,1],"pre":[1,1,1]},"1.6667":{"post":[0,0,0],"pre":[1,1,1]}}},"pink_headphones9":{"scale":{"1.625":[0,0,0],"1.6667":{"post":[1,1,1],"pre":[0,0,0]},"1.9583":{"post":[1,1,1],"pre":[1,1,1]},"2.0":{"post":[0,0,0],"pre":[1,1,1]}}}},"loop":true},"animation.pink_headphone2":{"animation_length":2,"bones":{"pink_hedphones":{"scale":{"0.4583":[1,1,1],"0.5":{"post":[0,0,0],"pre":[1,1,1]}}},"pink_hedphones2":{"scale":{"0.4583":[1,1,1],"0.5":{"post":[0,0,0],"pre":[1,1,1]}}},"pink_hedphones3":{"scale":{"0.4583":[0,0,0],"0.5":{"post":[1,1,1],"pre":[0,0,0]},"0.9583":{"post":[1,1,1],"pre":[1,1,1]},"1.0":{"post":[0,0,0],"pre":[1,1,1]},"1.4583":{"post":[0,0,0],"pre":[0,0,0]},"1.5":{"post":[1,1,1],"pre":[0,0,0]},"1.9583":{"post":[1,1,1],"pre":[1,1,1]},"2.0":{"post":[0,0,0],"pre":[1,1,1]}}},"pink_hedphones4":{"scale":{"0.4583":[0,0,0],"0.5":{"post":[1,1,1],"pre":[0,0,0]},"0.9583":{"post":[1,1,1],"pre":[1,1,1]},"1.0":{"post":[0,0,0],"pre":[1,1,1]},"1.4583":{"post":[0,0,0],"pre":[0,0,0]},"1.5":{"post":[1,1,1],"pre":[0,0,0]},"1.9583":{"post":[1,1,1],"pre":[1,1,1]},"2.0":{"post":[0,0,0],"pre":[1,1,1]}}},"pink_hedphones5":{"scale":{"0.9583":[0,0,0],"1.0":{"post":[1,1,1],"pre":[0,0,0]},"1.4583":{"post":[1,1,1],"pre":[1,1,1]},"1.5":{"post":[0,0,0],"pre":[1,1,1]}}},"pink_hedphones6":{"scale":{"0.9583":[0,0,0],"1.0":{"post":[1,1,1],"pre":[0,0,0]},"1.4583":{"post":[1,1,1],"pre":[1,1,1]},"1.5":{"post":[0,0,0],"pre":[1,1,1]}}}},"loop":true}},"format_version":"1.8.0"}