{"animations":{"animation.appa":{"bones":{"av_appa":{"position":[0,"math.cos(query.anim_time * 115.2) * 3",0],"rotation":["math.sin(query.anim_time * 115.2) * 20",0,0],"scale":0.7},"av_appa10":{"rotation":["math.sin(query.anim_time * 115.2) * 20",0,0]},"av_appa11":{"rotation":["math.sin(query.anim_time * 115.2) * 20",0,0]},"av_appa12":{"rotation":["math.cos(query.anim_time * 115.2) * 9",0,0]},"av_appa5":{"rotation":["math.cos(query.anim_time * 115.2) * -9",0,0]},"av_appa6":{"rotation":["math.sin(query.anim_time * 115.2) * 20",0,0]},"av_appa7":{"rotation":["math.sin(query.anim_time * 115.2) * 20",0,0]},"av_appa8":{"rotation":["math.sin(query.anim_time * 115.2) * 20",0,0]},"av_appa9":{"rotation":["math.sin(query.anim_time * 115.2) * 20",0,0]}},"loop":true}},"format_version":"1.8.0"}