{"animations":{"animation.flame_helmet":{"animation_length":4.5,"bones":{"rgb_flame_helmet10":{"scale":{"1.7083":[0,0,0],"1.75":{"post":[1,1,1],"pre":[0,0,0]},"1.9583":{"post":[1,1,1],"pre":[1,1,1]},"2.0":{"post":[0,0,0],"pre":[1,1,1]}}},"rgb_flame_helmet11":{"scale":{"1.9583":[0,0,0],"2.0":{"post":[1,1,1],"pre":[0,0,0]},"2.2083":{"post":[1,1,1],"pre":[1,1,1]},"2.25":{"post":[0,0,0],"pre":[1,1,1]}}},"rgb_flame_helmet12":{"scale":{"2.2083":[0,0,0],"2.25":{"post":[1,1,1],"pre":[0,0,0]},"2.4583":{"post":[1,1,1],"pre":[1,1,1]},"2.5":{"post":[0,0,0],"pre":[1,1,1]}}},"rgb_flame_helmet13":{"scale":{"2.4583":[0,0,0],"2.5":{"post":[1,1,1],"pre":[0,0,0]},"2.7083":{"post":[1,1,1],"pre":[1,1,1]},"2.75":{"post":[0,0,0],"pre":[1,1,1]}}},"rgb_flame_helmet14":{"scale":{"2.7083":[0,0,0],"2.75":{"post":[1,1,1],"pre":[0,0,0]},"2.9583":{"post":[1,1,1],"pre":[1,1,1]},"3.0":{"post":[0,0,0],"pre":[1,1,1]}}},"rgb_flame_helmet15":{"scale":{"2.9583":[0,0,0],"3.0":{"post":[1,1,1],"pre":[0,0,0]},"3.2083":{"post":[1,1,1],"pre":[1,1,1]},"3.25":{"post":[0,0,0],"pre":[1,1,1]}}},"rgb_flame_helmet16":{"scale":{"3.2083":[0,0,0],"3.25":{"post":[1,1,1],"pre":[0,0,0]},"3.4583":{"post":[1,1,1],"pre":[1,1,1]},"3.5":{"post":[0,0,0],"pre":[1,1,1]}}},"rgb_flame_helmet17":{"scale":{"3.4583":[0,0,0],"3.5":{"post":[1,1,1],"pre":[0,0,0]},"3.7083":{"post":[1,1,1],"pre":[1,1,1]},"3.75":{"post":[0,0,0],"pre":[1,1,1]}}},"rgb_flame_helmet18":{"scale":{"3.7083":[0,0,0],"3.75":{"post":[1,1,1],"pre":[0,0,0]},"3.9583":{"post":[1,1,1],"pre":[1,1,1]},"4.0":{"post":[0,0,0],"pre":[1,1,1]}}},"rgb_flame_helmet19":{"scale":{"3.9583":[0,0,0],"4.0":{"post":[1,1,1],"pre":[0,0,0]},"4.2083":{"post":[1,1,1],"pre":[1,1,1]},"4.25":{"post":[0,0,0],"pre":[1,1,1]}}},"rgb_flame_helmet2":{"position":[0,0,0.225],"scale":1.35},"rgb_flame_helmet20":{"scale":{"4.2083":[0,0,0],"4.25":{"post":[1,1,1],"pre":[0,0,0]},"4.4583":{"post":[1,1,1],"pre":[1,1,1]},"4.5":{"post":[0,0,0],"pre":[1,1,1]}}},"rgb_flame_helmet3":{"scale":{"0.2083":[1,1,1],"0.25":{"post":[0,0,0],"pre":[1,1,1]}}},"rgb_flame_helmet4":{"scale":{"0.2083":[0,0,0],"0.25":{"post":[1,1,1],"pre":[0,0,0]},"0.4583":{"post":[1,1,1],"pre":[1,1,1]},"0.5":{"post":[0,0,0],"pre":[1,1,1]}}},"rgb_flame_helmet5":{"scale":{"0.4583":[0,0,0],"0.5":{"post":[1,1,1],"pre":[0,0,0]},"0.7083":{"post":[1,1,1],"pre":[1,1,1]},"0.75":{"post":[0,0,0],"pre":[1,1,1]}}},"rgb_flame_helmet6":{"scale":{"0.7083":[0,0,0],"0.75":{"post":[1,1,1],"pre":[0,0,0]},"0.9583":{"post":[1,1,1],"pre":[1,1,1]},"1.0":{"post":[0,0,0],"pre":[1,1,1]}}},"rgb_flame_helmet7":{"scale":{"0.9583":[0,0,0],"1.0":{"post":[1,1,1],"pre":[0,0,0]},"1.2083":{"post":[1,1,1],"pre":[1,1,1]},"1.25":{"post":[0,0,0],"pre":[1,1,1]}}},"rgb_flame_helmet8":{"scale":{"1.2083":[0,0,0],"1.25":{"post":[1,1,1],"pre":[0,0,0]},"1.4583":{"post":[1,1,1],"pre":[1,1,1]},"1.5":{"post":[0,0,0],"pre":[1,1,1]}}},"rgb_flame_helmet9":{"scale":{"1.4583":[0,0,0],"1.5":{"post":[1,1,1],"pre":[0,0,0]},"1.7083":{"post":[1,1,1],"pre":[1,1,1]},"1.75":{"post":[0,0,0],"pre":[1,1,1]}}}},"loop":true}},"format_version":"1.8.0"}