{"animations":{"animation.barrier_wings":{"bones":{"barrier_wings2":{"position":[0,0,-1.25],"scale":0.7},"barrier_wings_1":{"position":{"0.0":[0,0,0],"0.9583":[0,-1,0],"2.0":[0,0,0]},"rotation":{"0.0":[0,0,0],"2.0":[0,175,0]}},"barrier_wings_10":{"position":{"0.0":[0,0,0],"0.6667":[0,0,0],"1.0":[0,-5,0],"1.2917":[0,-10,0],"1.5":[0,-15,0]},"scale":{"1.4583":[1,1,1],"1.6667":[1,0,1]}},"barrier_wings_11":{"position":{"0.0":[0,0,0],"1.0":[0,-15,0]},"scale":{"0.0":[1,1,1],"1.0":[1,1,1],"1.2917":[1,0,1]}},"barrier_wings_12":{"position":{"0.0":[0,0,0],"0.6667":[0,0,0],"1.0":[0,-5,0],"1.2917":[0,-10,0],"1.5":[0,-15,0]},"scale":{"1.4583":[1,1,1],"1.6667":[1,0,1]}},"barrier_wings_13":{"position":{"0.3333":[0,0,0],"1.0":[0,-10,0],"1.2917":[0,-15,0]},"scale":{"1.2917":[1,1,1],"1.5":[1,0,1]}},"barrier_wings_14":{"position":{"0.3333":[0,0,0],"1.0":[0,-10,0],"1.2917":[0,-15,0]},"scale":{"1.2917":[1,1,1],"1.5":[1,0,1]}},"barrier_wings_2":{"position":{"0.0":[0,0,0],"1.0":[0,-1,0],"2.0":[0,0,0]},"rotation":{"0.0":[0,0,0],"2.0":[0,180,0]}},"barrier_wings_4":{"scale":{"0.0":[0,0,0],"0.0417":[1,1,1],"0.9583":[1,1,1],"1.0":[0,0,0],"1.5":[0,0,0],"1.5417":[1,1,1],"1.9167":[1,1,1],"1.9583":[0,0,0]}},"barrier_wings_5":{"scale":{"0.0":[0,0,0],"0.0417":[1,1,1],"0.9583":[1,1,1],"1.0":[0,0,0],"1.5":[0,0,0],"1.5417":[1,1,1],"1.9167":[1,1,1],"1.9583":[0,0,0]}},"barrier_wings_6":{"scale":{"0.0":[0,0,0],"0.0417":[1,1,1],"0.9583":[1,1,1],"1.0":[0,0,0],"1.5":[0,0,0],"1.5417":[1,1,1],"1.9167":[1,1,1],"1.9583":[0,0,0]}},"barrier_wings_7":{"scale":{"0.0":[0,0,0],"0.0417":[1,1,1],"0.9583":[1,1,1],"1.0":[0,0,0],"1.5":[0,0,0],"1.5417":[1,1,1],"1.9167":[1,1,1],"1.9583":[0,0,0]}},"barrier_wings_8":{"scale":{"0.0":[0,0,0],"0.0417":[1,1,1],"0.9583":[1,1,1],"1.0":[0,0,0],"1.5":[0,0,0],"1.5417":[1,1,1],"1.9167":[1,1,1],"1.9583":[0,0,0]}},"barrier_wings_9":{"position":{"0.0":[0,0,0],"1.0":[0,-15,0]},"scale":{"0.0":[1,1,1],"1.0":[1,1,1],"1.2917":[1,0,1]}}},"loop":true}},"format_version":"1.8.0"}