{"animations":{"animation.capdonpuranhqone":{"bones":{"capdonpuranhq_10":{"position":[0,"math.sin(query.anim_time * 300-300)/2",0]},"capdonpuranhq_11":{"position":[-0.2,"0.6+1/3",-2.3],"rotation":[0,-5,0],"scale":1.5},"capdonpuranhq_12":{"position":[0,"math.sin(query.anim_time * 300+25)/4",0]},"capdonpuranhq_13":{"position":[0,"math.sin(query.anim_time * 300)/2",0]},"capdonpuranhq_14":{"position":[0,"math.sin(query.anim_time * 300-50)/2",0]},"capdonpuranhq_15":{"position":[0,"math.sin(query.anim_time * 300-100)/2",0]},"capdonpuranhq_16":{"position":[0,"math.sin(query.anim_time * 300-150)/2",0]},"capdonpuranhq_17":{"position":[0,"math.sin(query.anim_time * 300-200)/2",0]},"capdonpuranhq_18":{"position":[0,"math.sin(query.anim_time * 300-250)/2",0]},"capdonpuranhq_19":{"position":[0,"math.sin(query.anim_time * 300-300)/2",0]},"capdonpuranhq_2":{"position":[-1.3,-1.3,-2],"rotation":[0,5,0],"scale":1.5},"capdonpuranhq_3":{"position":[0,"math.sin(query.anim_time * 300+25)/4",0]},"capdonpuranhq_4":{"position":[0,"math.sin(query.anim_time * 300)/2",0]},"capdonpuranhq_5":{"position":[0,"math.sin(query.anim_time * 300-50)/2",0]},"capdonpuranhq_6":{"position":[0,"math.sin(query.anim_time * 300-100)/2",0]},"capdonpuranhq_7":{"position":[0,"math.sin(query.anim_time * 300-150)/2",0]},"capdonpuranhq_8":{"position":[0,"math.sin(query.anim_time * 300-200)/2",0]},"capdonpuranhq_9":{"position":[0,"math.sin(query.anim_time * 300-250)/2",0]}},"loop":true}},"format_version":"1.8.0"}