{"animations":{"animation.wings_flowerpwnone":{"animation_length":10,"bones":{"wings_flowerpwn_1":{"scale":{"0.0":[1,1,1],"0.1667":[0.5,0.5,0.5],"0.25":[0,0,0],"1.5":[0,0,0],"1.5833":[0.5,0.5,0.5],"1.75":[1,1,1]}},"wings_flowerpwn_2":{"scale":{"0.0":[1,1,1],"0.1667":[0.5,0.5,0.5],"0.25":[0,0,0],"1.5":[0,0,0],"1.5833":[0.5,0.5,0.5],"1.75":[1,1,1]}},"wings_flowerpwn_3":{"position":{"0.25":[0,0,0],"0.3333":[-0.33,1,0.67],"0.375":[-0.8,1.5,1],"0.4167":[-1.2,1.77,1.33],"0.4583":[-1.6,1.94,1.66],"0.5":[-2,2,2],"0.5417":[-3,2,3],"0.5833":[-3.7,2,5],"0.9167":[-3.7,2,6],"1.0833":[-3.7,2,6],"1.375":[-2.47,1.33,4],"1.5":[0,0,0]},"rotation":{"0.25":[0,0,0],"0.5417":[0,27.5,0],"0.5833":[0,57.5,0],"0.9167":[0,100,0],"0.9583":[0,115,0],"1.0":[0,142.5,0],"1.0833":[0,142.5,0],"1.375":[0,202.5,0],"1.5":[0,0,0]},"scale":{"0.2083":[0,0,0],"0.25":[0.5,0.5,0.5],"0.3333":[1,1,1],"1.0833":[1,1,1],"1.375":[0.6667,0.6667,0.6667],"1.5":[0,0,0]}},"wings_flowerpwn_4":{"position":{"0.25":[0,0,0],"0.6667":[2.7,2.61,2.25],"0.7917":[2.97,2.87,2.47],"0.9167":[3.04,2.93,2.53],"1.0417":[3.3,3.19,2.75],"1.0833":[3.4,3.9,3.9],"1.2917":[1.7,1.95,1.95],"1.5":[0,0,0]},"rotation":{"0.25":[0,0,0],"0.6667":[-41.63,0,0],"0.7917":[-45.74,0,0],"0.9167":[-46.77,0,0],"1.0417":[-50.88,0,0],"1.0833":[-92.5,0,0],"1.2917":[-146.25,0,0],"1.5":[0,-10,0]},"scale":{"0.2083":[0,0,0],"0.25":[0.5,0.5,0.5],"0.3333":[1,1,1],"1.0833":[1,1,1],"1.2917":[0.5,0.5,0.5],"1.5":[0,0,0]}}},"loop":true},"animation.wings_flowerpwntwo":{"bones":{"wings_flowerpwn_1":{"rotation":[0,"math.cos(query.anim_time*100)*30",0]},"wings_flowerpwn_2":{"rotation":[0,"-math.cos(query.anim_time*100)*30",0]}},"loop":true}},"format_version":"1.8.0"}