{"animations":{"animation.end_head":{"animation_length":4.25,"bones":{"end_head":{"position":[0,-1,0],"scale":1.26},"end_head2":{"scale":{"0.0":[1,1,1],"0.75":{"post":[0,0,0],"pre":[1,1,1]},"1.5":[0,0,0],"3.0":{"post":[1,1,1],"pre":[0,0,0]}}},"end_head3":{"scale":{"0.0":[0,0,0],"0.75":{"post":[1,1,1],"pre":[0,0,0]},"1.5":{"post":[0,0,0],"pre":[1,1,1]},"2.25":{"post":[1,1,1],"pre":[0,0,0]},"3.0":{"post":[0,0,0],"pre":[1,1,1]}}},"end_head4":{"scale":{"0.75":[0,0,0],"1.5":{"post":[1,1,1],"pre":[0,0,0]},"2.25":{"post":[0,0,0],"pre":[1,1,1]}}},"end_head5":{"scale":{"0.0":[1,1,1],"0.25":{"post":[0,0,0],"pre":[1,1,1]},"0.5":[0,0,0],"0.75":{"post":[1,1,1],"pre":[0,0,0]},"1.0":{"post":[0,0,0],"pre":[1,1,1]},"1.25":[0,0,0],"1.5":{"post":[1,1,1],"pre":[0,0,0]},"1.75":{"post":[0,0,0],"pre":[1,1,1]},"2.0":{"post":[1,1,1],"pre":[0,0,0]},"2.25":{"post":[0,0,0],"pre":[1,1,1]},"2.5":[0,0,0],"2.75":{"post":[1,1,1],"pre":[0,0,0]},"3.0":{"post":[0,0,0],"pre":[1,1,1]},"3.25":[0,0,0],"3.5":{"post":[1,1,1],"pre":[0,0,0]},"3.75":{"post":[0,0,0],"pre":[1,1,1]}}},"end_head6":{"scale":{"0.0":[0,0,0],"0.25":{"post":[1,1,1],"pre":[0,0,0]},"0.5":{"post":[0,0,0],"pre":[1,1,1]},"0.75":[0,0,0],"1.0":{"post":[1,1,1],"pre":[0,0,0]},"1.25":{"post":[0,0,0],"pre":[1,1,1]},"1.5":[0,0,0],"1.75":{"post":[1,1,1],"pre":[0,0,0]},"2.0":{"post":[0,0,0],"pre":[1,1,1]},"2.25":{"post":[1,1,1],"pre":[0,0,0]},"2.5":{"post":[0,0,0],"pre":[1,1,1]},"2.75":[0,0,0],"3.0":{"post":[1,1,1],"pre":[0,0,0]},"3.25":{"post":[0,0,0],"pre":[1,1,1]},"3.5":[0,0,0],"3.75":{"post":[1,1,1],"pre":[0,0,0]},"4.0":{"post":[0,0,0],"pre":[1,1,1]}}},"end_head7":{"scale":{"0.25":[0,0,0],"0.5":{"post":[1,1,1],"pre":[0,0,0]},"0.75":{"post":[0,0,0],"pre":[1,1,1]},"1.0":[0,0,0],"1.25":{"post":[1,1,1],"pre":[0,0,0]},"1.5":{"post":[0,0,0],"pre":[1,1,1]},"1.75":[0,0,0],"2.0":{"post":[1,1,1],"pre":[0,0,0]},"2.25":{"post":[0,0,0],"pre":[1,1,1]},"2.5":{"post":[1,1,1],"pre":[0,0,0]},"2.75":{"post":[0,0,0],"pre":[1,1,1]},"3.0":[0,0,0],"3.25":{"post":[1,1,1],"pre":[0,0,0]},"3.5":{"post":[0,0,0],"pre":[1,1,1]},"3.75":[0,0,0],"4.0":{"post":[1,1,1],"pre":[0,0,0]},"4.25":{"post":[0,0,0],"pre":[1,1,1]}}}},"loop":true}},"format_version":"1.8.0"}