{"animations":{"animation.soul_wings1":{"animation_length":2.5,"bones":{"guard_wings":{"position":[0,0,-3],"scale":0.8},"guard_wings10":{"position":{"0.0":[0,0,0],"0.5":[0,-5,0]},"scale":{"0.5":[1,1,1],"0.6667":[1,0,1]}},"guard_wings11":{"position":{"0.0":[0,0,0],"1.0":[0,-9,0]},"scale":{"1.0":[1,1,1],"1.1667":[1,0,1]}},"guard_wings12":{"position":{"1.0417":[0,0,0],"1.5417":[0,-18,0]},"scale":{"1.5417":[1,1,1],"1.7083":[1,0,1]}},"guard_wings13":{"position":{"0.7917":[0,0,0],"1.5417":[0,-12,0]},"scale":{"1.5417":[1,1,1],"1.7083":[1,0,1]}},"guard_wings14":{"position":{"0.0":[0,0,0],"1.0":[0,-9,0]},"scale":{"1.0":[1,1,1],"1.1667":[1,0,1]}},"guard_wings15":{"position":{"0.7917":[0,0,0],"1.5417":[0,-12,0]},"scale":{"1.5417":[1,1,1],"1.7083":[1,0,1]}},"guard_wings16":{"scale":{"0.0":[0,0,0],"0.25":[1,1,1],"0.5":[1,1,1],"0.75":[0,0,0]}},"guard_wings17":{"position":{"0.0":[0,0,0],"0.5":[0,-5,0]},"scale":{"0.5":[1,1,1],"0.6667":[1,0,1]}},"guard_wings18":{"position":{"0.0":[0,0,0],"1.5417":[0,-20,0]},"scale":{"1.5417":[1,1,1],"1.7083":[1,0,1]}},"guard_wings19":{"scale":{"0.0":[0,0,0],"0.25":[1,1,1],"0.5":[1,1,1],"0.75":[0,0,0]}},"guard_wings2":{"position":{"0.0":[0,0,0],"1.0":[0,-9,0]},"scale":{"1.0":[1,1,1],"1.1667":[1,0,1]}},"guard_wings20":{"scale":{"0.0":[0,0,0],"0.25":[1,1,1],"0.5":[1,1,1],"0.75":[0,0,0]}},"guard_wings21":{"scale":{"0.0":[0,0,0],"0.25":[1,1,1],"0.5":[1,1,1],"0.75":[1,0,1]}},"guard_wings22":{"position":{"0.0":[0,0,0],"1.0":[0,-9,0]},"scale":{"1.0":[1,1,1],"1.1667":[1,0,1]}},"guard_wings23":{"scale":{"0.0":[0,0,1],"0.25":[1,1,1],"0.5":[1,1,1],"0.75":[1,0,1]}},"guard_wings24":{"scale":{"0.0":[0,0,0],"0.25":[1,1,1],"0.5":[1,1,1],"0.75":[0,0,0]}},"guard_wings25":{"scale":{"0.0":[0,0,0],"0.25":[1,1,1],"0.5":[1,1,1],"0.75":[1,0,1]}},"guard_wings3":{"rotation":{"0.0":[0,0,0],"0.6667":[0,7.5,0],"1.2083":[0,0,0],"1.875":[0,7.5,0],"2.5":[0,0,0]}},"guard_wings4":{"rotation":{"0.0":[0,0,0],"0.6667":[0,-7.5,0],"1.2083":[0,0,0],"1.875":[0,-7.5,0],"2.5":[0,0,0]}},"guard_wings5":{"scale":{"0.0":[0,0,0],"0.25":[1,1,1],"0.5":[1,1,1],"0.75":[0,0,0]}},"guard_wings6":{"position":{"0.0":[0,0,0],"0.5":[0,-5,0]},"scale":{"0.5":[1,1,1],"0.6667":[1,0,1]}},"guard_wings7":{"position":{"0.0":[0,0,0],"0.5":[0,-5,0]},"scale":{"0.5":[1,1,1],"0.6667":[1,0,1]}},"guard_wings8":{"position":{"0.0":[0,0,0],"1.5417":[0,-20,0]},"scale":{"1.5417":[1,1,1],"1.7083":[1,0,1]}},"guard_wings9":{"position":{"1.0417":[0,0,0],"1.5417":[0,-18,0]},"scale":{"1.5417":[1,1,1],"1.7083":[1,0,1]}}},"loop":true},"animation.soul_wings2":{"animation_length":4.0417,"bones":{"guard_wings26":{"scale":{"2.75":[0,0,0],"2.7917":[1,1,1],"3.0":[1,1,1],"3.0417":[0,0,0]}},"guard_wings27":{"scale":{"3.0":[0,0,0],"3.0417":[1,1,1],"3.25":[1,1,1],"3.2917":[0,0,0]}},"guard_wings28":{"scale":{"3.5":[0,0,0],"3.5417":[1,1,1],"3.75":[1,1,1],"3.7917":[0,0,0]}},"guard_wings29":{"scale":{"3.75":[0,0,0],"3.7917":[1,1,1],"4.0":[1,1,1],"4.0417":[0,0,0]}},"guard_wings30":{"scale":{"0.25":[1,1,1],"0.2917":[0,0,0]}},"guard_wings31":{"scale":{"0.25":[0,0,0],"0.2917":[1,1,1],"0.5":[1,1,1],"0.5417":[0,0,0]}},"guard_wings32":{"scale":{"0.5":[0,0,0],"0.5417":[1,1,1],"0.75":[1,1,1],"0.7917":[0,0,0]}},"guard_wings33":{"scale":{"0.25":[1,1,1],"0.2917":[0,0,0]}},"guard_wings34":{"scale":{"0.25":[0,0,0],"0.2917":[1,1,1],"0.5":[1,1,1],"0.5417":[0,0,0]}},"guard_wings35":{"scale":{"0.5":[0,0,0],"0.5417":[1,1,1],"0.75":[1,1,1],"0.7917":[0,0,0]}},"guard_wings36":{"scale":{"0.75":[0,0,0],"0.7917":[1,1,1],"1.0":[1,1,1],"1.0417":[0,0,0]}},"guard_wings37":{"scale":{"1.0":[0,0,0],"1.0417":[1,1,1],"1.25":[1,1,1],"1.2917":[0,0,0]}},"guard_wings38":{"scale":{"1.25":[0,0,0],"1.2917":[1,1,1],"1.5":[1,1,1],"1.5417":[0,0,0]}},"guard_wings39":{"scale":{"1.5":[0,0,0],"1.5417":[1,1,1],"1.75":[1,1,1],"1.7917":[0,0,0]}},"guard_wings40":{"scale":{"1.75":[0,0,0],"1.7917":[1,1,1],"2.0":[1,1,1],"2.0417":[0,0,0]}},"guard_wings41":{"scale":{"2.0":[0,0,0],"2.0417":[1,1,1],"2.25":[1,1,1],"2.2917":[0,0,0]}},"guard_wings42":{"scale":{"2.25":[0,0,0],"2.2917":[1,1,1],"2.5":[1,1,1],"2.5417":[0,0,0]}},"guard_wings43":{"scale":{"2.5":[0,0,0],"2.5417":[1,1,1],"2.75":[1,1,1],"2.7917":[0,0,0]}},"guard_wings44":{"scale":{"3.25":[0,0,0],"3.2917":[1,1,1],"3.5":[1,1,1],"3.5417":[0,0,0]}}},"loop":true}},"format_version":"1.8.0"}