{"animations":{"animation.fire":{"animation_length":3,"bones":{"fire0":{"scale":{"0.0":[0.75,0.75,0.75],"1.0":[0.75,0.75,0.75],"1.9":[0.75,0.75,0.75],"2.0":[1,1,1],"2.9":[1,1,1],"3.0":[0.75,0.75,0.75]}},"fire1":{"scale":{"0.0":[0.75,0.75,0.75],"0.9":[0.75,0.75,0.75],"1.0":[1,1,1],"1.9":[1,1,1],"2.0":[0.75,0.75,0.75],"3.0":[0.75,0.75,0.75]}},"fire2":{"scale":{"0.0":[1,1,1],"0.9":[1,1,1],"1.0":[0.75,0.75,0.75],"2.0":[0.75,0.75,0.75],"2.9":[0.75,0.75,0.75],"3.0":[1,1,1]}}},"loop":true}},"format_version":"1.8.0"}