{"animations":{"animation.parrot_ones":{"bones":{"parrot_don11":{"rotation":[0,0,"-math.cos(query.anim_time * 960)"]},"parrot_don_":{"position":[0,"-math.cos(query.anim_time * 960)",0]}},"loop":true},"animation.parrot_thoes":{"bones":{"parrot_don10":{"rotation":[0,0,"-math.cos(query.anim_time * 84) * 2"]},"parrot_don11":{"rotation":[0,0,"math.cos(query.anim_time * 84) * 12"]},"parrot_don8":{"rotation":[0,0,"math.sin(query.anim_time * 1000) * 45"]},"parrot_don9":{"rotation":[0,0,"-math.sin(query.anim_time * 1000) * 45"]},"parrot_don_":{"position":[0,"math.sin(query.anim_time * 84) * 5",0],"rotation":["math.cos(query.anim_time * 84) * 2",0,0]}},"loop":true},"animation.parrot_threes":{"animation_length":4.125,"bones":{"parrot_don_":{"position":[-15,18,0],"scale":0.7},"parrot_don_10":{"rotation":{"0.0":[-40,0,0],"0.2917":[-40,0,0],"0.4167":[-2.5,0,0],"0.5417":[-37.5,0,0],"0.6667":[-2.5,0,0],"0.7917":[-40,0,0],"3.125":[-40,0,0],"3.25":[-2.5,0,0],"3.375":[-37.5,0,0],"3.5":[-2.5,0,0],"3.625":[-40,0,0]}},"parrot_don_7":{"scale":{"0.125":[1,1,1],"0.2083":[1,0,1],"0.2917":[1,1,1],"1.25":[1,1,1],"1.3333":[1,0,1],"1.4167":[1,1,1],"2.75":[1,1,1],"2.8333":[1,0,1],"2.9167":[1,1,1],"3.875":[1,1,1],"3.9583":[1,0,1],"4.0417":[1,1,1]}}},"loop":true}},"format_version":"1.8.0"}