{"animations":{"animation.purple_helmet":{"animation_length":3,"bones":{"purplehelmet":{"scale":{"0.0":[1,1,1],"0.25":{"post":[0,0,0],"pre":[1,1,1]},"2.5":{"post":[1,1,1],"pre":[0,0,0]}}},"purplehelmet10":{"scale":{"2.0":[0,0,0],"2.25":{"post":[1,1,1],"pre":[0,0,0]},"2.5":{"post":[0,0,0],"pre":[1,1,1]}}},"purplehelmet11":{"scale":{"2.0":[1,1,1],"2.25":{"post":[0,0,0],"pre":[1,1,1]},"2.5":{"post":[1,1,1],"pre":[0,0,0]}}},"purplehelmet12":{"position":[0.225,-1,1.2],"scale":1.26},"purplehelmet2":{"scale":{"0.0":[0,0,0],"0.25":{"post":[1,1,1],"pre":[0,0,0]},"0.5":{"post":[0,0,0],"pre":[1,1,1]}}},"purplehelmet3":{"scale":{"0.25":[0,0,0],"0.5":{"post":[1,1,1],"pre":[0,0,0]},"0.75":{"post":[0,0,0],"pre":[1,1,1]}}},"purplehelmet4":{"scale":{"0.5":[0,0,0],"0.75":{"post":[1,1,1],"pre":[0,0,0]},"1.0":{"post":[0,0,0],"pre":[1,1,1]}}},"purplehelmet5":{"scale":{"0.75":[0,0,0],"1.0":{"post":[1,1,1],"pre":[0,0,0]},"1.25":{"post":[0,0,0],"pre":[1,1,1]}}},"purplehelmet6":{"scale":{"1.0":[0,0,0],"1.25":{"post":[1,1,1],"pre":[0,0,0]},"1.5":{"post":[0,0,0],"pre":[1,1,1]}}},"purplehelmet7":{"scale":{"1.25":[0,0,0],"1.5":{"post":[1,1,1],"pre":[0,0,0]},"1.75":{"post":[0,0,0],"pre":[1,1,1]}}},"purplehelmet8":{"scale":{"1.5":[0,0,0],"1.75":{"post":[1,1,1],"pre":[0,0,0]},"2.0":{"post":[0,0,0],"pre":[1,1,1]}}},"purplehelmet9":{"scale":{"1.75":[0,0,0],"2.0":{"post":[1,1,1],"pre":[0,0,0]},"2.25":{"post":[0,0,0],"pre":[1,1,1]}}}},"loop":true}},"format_version":"1.8.0"}