{"animations":{"animation.purple_wings":{"animation_length":6,"bones":{"rain_wings10":{"rotation":{"0.0":[0,0,0],"0.75":[0,-7.5,0],"1.5":[0,0,0],"2.25":[0,-7.5,0],"3.0":[0,0,0],"3.75":[0,-7.5,0],"4.5":[0,0,0],"5.25":[0,-7.5,0],"6.0":[0,0,0]}},"rain_wings11":{"rotation":{"0.0":[0,0,0],"0.75":[0,7.5,0],"1.5":[0,0,0],"2.25":[0,7.5,0],"3.0":[0,0,0],"3.75":[0,7.5,0],"4.5":[0,0,0],"5.25":[0,7.5,0],"6.0":[0,0,0]}},"rain_wings12":{"position":{"0.0":[0,0,0],"0.25":{"post":[0,1,-1],"pre":[0,0,0]},"0.5":{"post":[0,2,-2],"pre":[0,1,-1]},"0.75":{"post":[0,3,-3],"pre":[0,2,-2]},"1.0":{"post":[0,4,-4],"pre":[0,3,-3]},"1.25":{"post":[0,5,-5],"pre":[0,4,-4]},"1.5":{"post":[0,5,-6],"pre":[0,5,-5]},"1.75":{"post":[0,6,-7],"pre":[0,5,-6]},"2.0":{"post":[0,7,-7],"pre":[0,6,-7]},"2.25":{"post":[0,7,-8],"pre":[0,7,-7]},"2.5":{"post":[0,7,-9],"pre":[0,7,-8]},"2.75":{"post":[0,7,-10],"pre":[0,7,-9]},"3.0":{"post":[0,6,-11],"pre":[0,7,-10]},"3.25":{"post":[0,5,-11],"pre":[0,6,-11]},"3.5":{"post":[0,4,-11],"pre":[0,5,-11]}},"scale":{"0.0":[1,1,1],"3.75":{"post":[0,0,0],"pre":[1,1,1]}}},"rain_wings13":{"position":{"0.25":[0,0,0],"0.5":{"post":[0,1,-1],"pre":[0,0,0]},"0.75":{"post":[0,2,-2],"pre":[0,1,-1]},"1.0":{"post":[0,3,-3],"pre":[0,2,-2]},"1.25":{"post":[0,4,-4],"pre":[0,3,-3]},"1.5":{"post":[0,5,-5],"pre":[0,4,-4]},"1.75":{"post":[0,5,-6],"pre":[0,5,-5]},"2.0":{"post":[0,6,-7],"pre":[0,5,-6]},"2.25":{"post":[0,7,-7],"pre":[0,6,-7]},"2.5":{"post":[0,7,-8],"pre":[0,7,-7]},"2.75":{"post":[0,7,-9],"pre":[0,7,-8]},"3.0":{"post":[0,7,-10],"pre":[0,7,-9]},"3.25":{"post":[0,6,-11],"pre":[0,7,-10]},"3.5":{"post":[0,5,-11],"pre":[0,6,-11]},"3.75":{"post":[0,4,-11],"pre":[0,5,-11]}},"scale":{"0.0":[0,0,0],"0.25":[1,1,1],"4.0":{"post":[0,0,0],"pre":[1,1,1]}}},"rain_wings14":{"position":{"0.5":[0,0,0],"0.75":{"post":[0,1,-1],"pre":[0,0,0]},"1.0":{"post":[0,2,-2],"pre":[0,1,-1]},"1.25":{"post":[0,3,-3],"pre":[0,2,-2]},"1.5":{"post":[0,4,-4],"pre":[0,3,-3]},"1.75":{"post":[0,5,-5],"pre":[0,4,-4]},"2.0":{"post":[0,5,-6],"pre":[0,5,-5]},"2.25":{"post":[0,6,-7],"pre":[0,5,-6]},"2.5":{"post":[0,7,-7],"pre":[0,6,-7]},"2.75":{"post":[0,7,-8],"pre":[0,7,-7]},"3.0":{"post":[0,7,-9],"pre":[0,7,-8]},"3.25":{"post":[0,7,-10],"pre":[0,7,-9]},"3.5":{"post":[0,6,-11],"pre":[0,7,-10]},"3.75":{"post":[0,5,-11],"pre":[0,6,-11]},"4.0":{"post":[0,4,-11],"pre":[0,5,-11]}},"scale":{"0.0":[0,0,0],"0.5":[1,1,1],"4.25":{"post":[0,0,0],"pre":[1,1,1]}}},"rain_wings15":{"position":{"0.75":[0,0,0],"1.0":{"post":[0,1,-1],"pre":[0,0,0]},"1.25":{"post":[0,2,-2],"pre":[0,1,-1]},"1.5":{"post":[0,3,-3],"pre":[0,2,-2]},"1.75":{"post":[0,4,-4],"pre":[0,3,-3]},"2.0":{"post":[0,5,-5],"pre":[0,4,-4]},"2.25":{"post":[0,5,-6],"pre":[0,5,-5]},"2.5":{"post":[0,6,-7],"pre":[0,5,-6]},"2.75":{"post":[0,7,-7],"pre":[0,6,-7]},"3.0":{"post":[0,7,-8],"pre":[0,7,-7]},"3.25":{"post":[0,7,-9],"pre":[0,7,-8]},"3.5":{"post":[0,7,-10],"pre":[0,7,-9]},"3.75":{"post":[0,6,-11],"pre":[0,7,-10]},"4.0":{"post":[0,5,-11],"pre":[0,6,-11]},"4.25":{"post":[0,4,-11],"pre":[0,5,-11]}},"scale":{"0.0":[0,0,0],"0.75":[1,1,1],"4.5":{"post":[0,0,0],"pre":[1,1,1]}}},"rain_wings16":{"position":{"1.0":[0,0,0],"1.25":{"post":[0,1,-1],"pre":[0,0,0]},"1.5":{"post":[0,2,-2],"pre":[0,1,-1]},"1.75":{"post":[0,3,-3],"pre":[0,2,-2]},"2.0":{"post":[0,4,-4],"pre":[0,3,-3]},"2.25":{"post":[0,5,-5],"pre":[0,4,-4]},"2.5":{"post":[0,5,-6],"pre":[0,5,-5]},"2.75":{"post":[0,6,-7],"pre":[0,5,-6]},"3.0":{"post":[0,7,-7],"pre":[0,6,-7]},"3.25":{"post":[0,7,-8],"pre":[0,7,-7]},"3.5":{"post":[0,7,-9],"pre":[0,7,-8]},"3.75":{"post":[0,7,-10],"pre":[0,7,-9]},"4.0":{"post":[0,6,-11],"pre":[0,7,-10]},"4.25":{"post":[0,5,-11],"pre":[0,6,-11]},"4.5":{"post":[0,4,-11],"pre":[0,5,-11]}},"scale":{"0.0":[0,0,0],"1.0":[1,1,1],"4.75":{"post":[0,0,0],"pre":[1,1,1]}}},"rain_wings17":{"position":{"1.0":[0,0,0],"1.25":{"post":[0,1,-1],"pre":[0,0,0]},"1.5":{"post":[0,2,-2],"pre":[0,1,-1]},"1.75":{"post":[0,3,-3],"pre":[0,2,-2]},"2.0":{"post":[0,4,-4],"pre":[0,3,-3]},"2.25":{"post":[0,5,-5],"pre":[0,4,-4]},"2.5":{"post":[0,5,-6],"pre":[0,5,-5]},"2.75":{"post":[0,6,-7],"pre":[0,5,-6]},"3.0":{"post":[0,7,-7],"pre":[0,6,-7]},"3.25":{"post":[0,7,-8],"pre":[0,7,-7]},"3.5":{"post":[0,7,-9],"pre":[0,7,-8]},"3.75":{"post":[0,7,-10],"pre":[0,7,-9]},"4.0":{"post":[0,6,-11],"pre":[0,7,-10]},"4.25":{"post":[0,5,-11],"pre":[0,6,-11]},"4.5":{"post":[0,4,-11],"pre":[0,5,-11]}},"scale":{"0.9583":[0,0,0],"1.0":{"post":[1,1,1],"pre":[0,0,0]},"4.75":{"post":[0,0,0],"pre":[1,1,1]}}},"rain_wings18":{"position":{"0.75":[0,0,0],"1.0":{"post":[0,1,-1],"pre":[0,0,0]},"1.25":{"post":[0,2,-2],"pre":[0,1,-1]},"1.5":{"post":[0,3,-3],"pre":[0,2,-2]},"1.75":{"post":[0,4,-4],"pre":[0,3,-3]},"2.0":{"post":[0,5,-5],"pre":[0,4,-4]},"2.25":{"post":[0,5,-6],"pre":[0,5,-5]},"2.5":{"post":[0,6,-7],"pre":[0,5,-6]},"2.75":{"post":[0,7,-7],"pre":[0,6,-7]},"3.0":{"post":[0,7,-8],"pre":[0,7,-7]},"3.25":{"post":[0,7,-9],"pre":[0,7,-8]},"3.5":{"post":[0,7,-10],"pre":[0,7,-9]},"3.75":{"post":[0,6,-11],"pre":[0,7,-10]},"4.0":{"post":[0,5,-11],"pre":[0,6,-11]},"4.25":{"post":[0,4,-11],"pre":[0,5,-11]}},"scale":{"0.7083":[0,0,0],"0.75":{"post":[1,1,1],"pre":[0,0,0]},"4.5":{"post":[0,0,0],"pre":[1,1,1]}}},"rain_wings19":{"position":{"0.5":[0,0,0],"0.75":{"post":[0,1,-1],"pre":[0,0,0]},"1.0":{"post":[0,2,-2],"pre":[0,1,-1]},"1.25":{"post":[0,3,-3],"pre":[0,2,-2]},"1.5":{"post":[0,4,-4],"pre":[0,3,-3]},"1.75":{"post":[0,5,-5],"pre":[0,4,-4]},"2.0":{"post":[0,5,-6],"pre":[0,5,-5]},"2.25":{"post":[0,6,-7],"pre":[0,5,-6]},"2.5":{"post":[0,7,-7],"pre":[0,6,-7]},"2.75":{"post":[0,7,-8],"pre":[0,7,-7]},"3.0":{"post":[0,7,-9],"pre":[0,7,-8]},"3.25":{"post":[0,7,-10],"pre":[0,7,-9]},"3.5":{"post":[0,6,-11],"pre":[0,7,-10]},"3.75":{"post":[0,5,-11],"pre":[0,6,-11]},"4.0":{"post":[0,4,-11],"pre":[0,5,-11]}},"scale":{"0.4583":[0,0,0],"0.5":{"post":[1,1,1],"pre":[0,0,0]},"4.25":{"post":[0,0,0],"pre":[1,1,1]}}},"rain_wings2":{"scale":{"0.0":[1,1,1],"0.25":{"post":[0,0,0],"pre":[1,1,1]},"3.75":[0,0,0],"4.0":{"post":[1,1,1],"pre":[0,0,0]},"4.25":{"post":[0,0,0],"pre":[1,1,1]}}},"rain_wings20":{"position":{"0.25":[0,0,0],"0.5":{"post":[0,1,-1],"pre":[0,0,0]},"0.75":{"post":[0,2,-2],"pre":[0,1,-1]},"1.0":{"post":[0,3,-3],"pre":[0,2,-2]},"1.25":{"post":[0,4,-4],"pre":[0,3,-3]},"1.5":{"post":[0,5,-5],"pre":[0,4,-4]},"1.75":{"post":[0,5,-6],"pre":[0,5,-5]},"2.0":{"post":[0,6,-7],"pre":[0,5,-6]},"2.25":{"post":[0,7,-7],"pre":[0,6,-7]},"2.5":{"post":[0,7,-8],"pre":[0,7,-7]},"2.75":{"post":[0,7,-9],"pre":[0,7,-8]},"3.0":{"post":[0,7,-10],"pre":[0,7,-9]},"3.25":{"post":[0,6,-11],"pre":[0,7,-10]},"3.5":{"post":[0,5,-11],"pre":[0,6,-11]},"3.75":{"post":[0,4,-11],"pre":[0,5,-11]}},"scale":{"0.2083":[0,0,0],"0.25":{"post":[1,1,1],"pre":[0,0,0]},"4.0":{"post":[0,0,0],"pre":[1,1,1]}}},"rain_wings21":{"position":{"0.0":[0,0,0],"0.25":{"post":[0,1,-1],"pre":[0,0,0]},"0.5":{"post":[0,2,-2],"pre":[0,1,-1]},"0.75":{"post":[0,3,-3],"pre":[0,2,-2]},"1.0":{"post":[0,4,-4],"pre":[0,3,-3]},"1.25":{"post":[0,5,-5],"pre":[0,4,-4]},"1.5":{"post":[0,5,-6],"pre":[0,5,-5]},"1.75":{"post":[0,6,-7],"pre":[0,5,-6]},"2.0":{"post":[0,7,-7],"pre":[0,6,-7]},"2.25":{"post":[0,7,-8],"pre":[0,7,-7]},"2.5":{"post":[0,7,-9],"pre":[0,7,-8]},"2.75":{"post":[0,7,-10],"pre":[0,7,-9]},"3.0":{"post":[0,6,-11],"pre":[0,7,-10]},"3.25":{"post":[0,5,-11],"pre":[0,6,-11]},"3.5":{"post":[0,4,-11],"pre":[0,5,-11]}},"scale":{"0.0":[1,1,1],"3.75":{"post":[0,0,0],"pre":[1,1,1]}}},"rain_wings3":{"scale":{"0.25":[0,0,0],"0.5":{"post":[1,1,1],"pre":[0,0,0]},"0.75":{"post":[0,0,0],"pre":[1,1,1]},"4.0":[0,0,0],"4.25":{"post":[1,1,1],"pre":[0,0,0]},"4.5":{"post":[0,0,0],"pre":[1,1,1]}}},"rain_wings4":{"scale":{"0.5":[0,0,0],"0.75":{"post":[1,1,1],"pre":[0,0,0]},"1.0":{"post":[0,0,0],"pre":[1,1,1]},"4.25":[0,0,0],"4.5":{"post":[1,1,1],"pre":[0,0,0]},"4.75":{"post":[0,0,0],"pre":[1,1,1]}}},"rain_wings5":{"scale":{"0.75":[0,0,0],"1.0":{"post":[1,1,1],"pre":[0,0,0]},"1.25":{"post":[0,0,0],"pre":[1,1,1]},"4.5":[0,0,0],"4.75":{"post":[1,1,1],"pre":[0,0,0]},"5.0":{"post":[0,0,0],"pre":[1,1,1]}}},"rain_wings6":{"scale":{"1.0":[0,0,0],"1.25":{"post":[1,1,1],"pre":[0,0,0]},"1.5":{"post":[0,0,0],"pre":[1,1,1]},"4.75":[0,0,0],"5.0":{"post":[1,1,1],"pre":[0,0,0]},"5.25":{"post":[0,0,0],"pre":[1,1,1]}}},"rain_wings7":{"scale":{"1.25":[0,0,0],"1.5":{"post":[1,1,1],"pre":[0,0,0]},"1.75":{"post":[0,0,0],"pre":[1,1,1]},"5.0":[0,0,0],"5.25":{"post":[1,1,1],"pre":[0,0,0]},"5.5":{"post":[0,0,0],"pre":[1,1,1]}}},"rain_wings8":{"scale":{"1.5":[0,0,0],"1.75":{"post":[1,1,1],"pre":[0,0,0]},"2.0":{"post":[0,0,0],"pre":[1,1,1]},"5.25":[0,0,0],"5.5":{"post":[1,1,1],"pre":[0,0,0]},"5.75":{"post":[0,0,0],"pre":[1,1,1]}}},"rain_wings9":{"scale":{"1.75":[0,0,0],"2.0":{"post":[1,1,1],"pre":[0,0,0]},"2.25":{"post":[0,0,0],"pre":[1,1,1]},"5.5":[0,0,0],"5.75":{"post":[1,1,1],"pre":[0,0,0]},"6.0":{"post":[0,0,0],"pre":[1,1,1]}}}},"loop":true}},"format_version":"1.8.0"}