{"animations":{"animation.skeleton_wings":{"animation_length":3.75,"bones":{"skeleton_wings10":{"scale":{"1.75":[0,0,0],"2.0":{"post":[1,1,1],"pre":[0,0,0]},"2.25":{"post":[0,0,0],"pre":[1,1,1]}}},"skeleton_wings11":{"scale":{"2.0":[0,0,0],"2.25":{"post":[1,1,1],"pre":[0,0,0]},"2.5":{"post":[0,0,0],"pre":[1,1,1]}}},"skeleton_wings12":{"scale":{"2.25":[0,0,0],"2.5":{"post":[1,1,1],"pre":[0,0,0]},"2.75":{"post":[0,0,0],"pre":[1,1,1]}}},"skeleton_wings13":{"scale":{"2.75":[0,0,0],"3.0":{"post":[1,1,1],"pre":[0,0,0]},"3.25":{"post":[0,0,0],"pre":[1,1,1]}}},"skeleton_wings14":{"scale":{"2.5":[0,0,0],"2.75":{"post":[1,1,1],"pre":[0,0,0]},"3.0":{"post":[0,0,0],"pre":[1,1,1]}}},"skeleton_wings15":{"scale":{"3.0":[0,0,0],"3.25":{"post":[1,1,1],"pre":[0,0,0]},"3.5":{"post":[0,0,0],"pre":[1,1,1]}}},"skeleton_wings16":{"scale":{"3.25":[0,0,0],"3.5":{"post":[1,1,1],"pre":[0,0,0]}}},"skeleton_wings2":{"scale":{"0.0":[1,1,1],"0.25":{"post":[0,0,0],"pre":[1,1,1]}}},"skeleton_wings3":{"scale":{"0.0":[0,0,0],"0.25":{"post":[1,1,1],"pre":[0,0,0]},"0.5":{"post":[0,0,0],"pre":[1,1,1]}}},"skeleton_wings4":{"scale":{"0.25":[0,0,0],"0.5":{"post":[1,1,1],"pre":[0,0,0]},"0.75":{"post":[0,0,0],"pre":[1,1,1]}}},"skeleton_wings5":{"scale":{"0.5":[0,0,0],"0.75":{"post":[1,1,1],"pre":[0,0,0]},"1.0":{"post":[0,0,0],"pre":[1,1,1]}}},"skeleton_wings6":{"scale":{"0.75":[0,0,0],"1.0":{"post":[1,1,1],"pre":[0,0,0]},"1.25":{"post":[0,0,0],"pre":[1,1,1]}}},"skeleton_wings7":{"scale":{"1.0":[0,0,0],"1.25":{"post":[1,1,1],"pre":[0,0,0]},"1.5":{"post":[0,0,0],"pre":[1,1,1]}}},"skeleton_wings8":{"scale":{"1.25":[0,0,0],"1.5":{"post":[1,1,1],"pre":[0,0,0]},"1.75":{"post":[0,0,0],"pre":[1,1,1]}}},"skeleton_wings9":{"scale":{"1.5":[0,0,0],"1.75":{"post":[1,1,1],"pre":[0,0,0]},"2.0":{"post":[0,0,0],"pre":[1,1,1]}}}},"loop":true}},"format_version":"1.8.0"}