{"format_version":"1.10.0","minecraft:client_entity":{"description":{"animations":{"appa":"animation.appa","attack.positions":"animation.player.attack.positions","attack.rotations":"animation.player.attack.rotations","axol_pet_eyes":"animation.axoleyes_animation","axol_pet_move":"animation.axolmove_animation","barrier_wings":"animation.barrier_wings","base_controller":"controller.animation.player.base","blink":"controller.animation.persona.blink","bob":"animation.player.bob","bow_and_arrow":"animation.humanoid.bow_and_arrow","brandish_spear":"animation.humanoid.brandish_spear","brushing":"animation.humanoid.brushing","bsbunny":"animation.bsbunny","btf_con":"animation.btfcon","btfpurgkpvaone":"animation.btfpurgkpvaone","capdonpuranhqone":"animation.capdonpuranhqone","cape":"animation.player.cape","charging":"animation.humanoid.charging","crawling":"animation.player.crawl","crawling.legs":"animation.player.crawl.legs","crossbow_controller":"controller.animation.player.crossbow","crossbow_hold":"animation.player.crossbow_hold","custom_dragon":"animation.dragon_animation","custom_rainbow_hat":"animation.rainbow_hat","damage_nearby_mobs":"animation.humanoid.damage_nearby_mobs","emoj_three_face":"animation.emojface_animation","end_head":"animation.end_head","fire_face":"animation.fire","first_person_attack_controller":"controller.animation.player.first_person_attack","first_person_attack_rotation":"animation.player.first_person.attack_rotation","first_person_attack_rotation_item":"animation.player.first_person.attack_rotation_item","first_person_base_pose":"animation.player.first_person.base_pose","first_person_breathing_bob":"animation.player.first_person.breathing_bob","first_person_crossbow_equipped":"animation.player.first_person.crossbow_equipped","first_person_crossbow_hold":"animation.player.first_person.crossbow_hold","first_person_empty_hand":"animation.player.first_person.empty_hand","first_person_map_controller":"controller.animation.player.first_person_map","first_person_map_hold":"animation.player.first_person.map_hold","first_person_map_hold_attack":"animation.player.first_person.map_hold_attack","first_person_map_hold_main_hand":"animation.player.first_person.map_hold_main_hand","first_person_map_hold_off_hand":"animation.player.first_person.map_hold_off_hand","first_person_shield_block":"animation.player.first_person.shield_block","first_person_swap_item":"animation.player.first_person.swap_item","first_person_vr_attack_rotation":"animation.player.first_person.vr_attack_rotation","first_person_walk":"animation.player.first_person.walk","fishing_rod":"animation.humanoid.fishing_rod","flame_costume":"animation.flame_costume","flame_helmet":"animation.flame_helmet","holding":"animation.player.holding","holding_brush":"animation.humanoid.holding_brush","holding_heavy_core":"animation.player.holding_heavy_core","holding_spyglass":"animation.humanoid.holding_spyglass","hudplayer":"controller.animation.player.hudplayer","humanoid_base_pose":"animation.humanoid.base_pose","krila":"animation.krila","look_at_target":"controller.animation.humanoid.look_at_target","look_at_target_default":"animation.humanoid.look_at_target.default","look_at_target_gliding":"animation.humanoid.look_at_target.gliding","look_at_target_inverted":"animation.player.look_at_target.inverted","look_at_target_swimming":"animation.humanoid.look_at_target.swimming","look_at_target_ui":"animation.player.look_at_target.ui","move.arms":"animation.player.move.arms","move.legs":"animation.player.move.legs","parrot_ones":"animation.parrot_ones","parrot_thoes":"animation.parrot_thoes","parrot_threes":"animation.parrot_threes","pink_headphone1":"animation.pink_headphone1","pink_headphone2":"animation.pink_headphone2","purple_helmet":"animation.purple_helmet","purple_wings":"animation.purple_wings","riding.arms":"animation.player.riding.arms","riding.legs":"animation.player.riding.legs","riding.root":"animation.player.riding.root","root":"controller.animation.player.root","shield_block_main_hand":"animation.player.shield_block_main_hand","shield_block_off_hand":"animation.player.shield_block_off_hand","shipdon":"animation.shipdon","skeleton_attack":"animation.skeleton.attack","skeleton_wings":"animation.skeleton_wings","sleeping":"animation.player.sleeping","sneaking":"animation.player.sneaking","soul_wings1":"animation.soul_wings1","soul_wings2":"animation.soul_wings2","swimming":"animation.player.swim","swimming.legs":"animation.player.swim.legs","third_person_bow_equipped":"animation.player.bow_equipped","third_person_crossbow_equipped":"animation.player.crossbow_equipped","tooting_goat_horn":"animation.humanoid.tooting_goat_horn","use_item_progress":"animation.humanoid.use_item_progress","wings_flowerpwnone":"animation.wings_flowerpwnone","wings_flowerpwntwo":"animation.wings_flowerpwntwo"},"enable_attachables":true,"geometry":{"cape":"geometry.cape","default":"geometry.humanoid.custom","glowing":"geometry.humanoid.custom.glowing"},"identifier":"minecraft:player","materials":{"animated":"player_animated","cape":"entity_alphatest","default":"entity_alphatest","glowing":"glowing","glowing_base":"glowing_base"},"min_engine_version":"1.12.0","render_controllers":[{"controller.render.player.first_person":"variable.is_first_person && !query.is_spectator"},{"controller.render.player.third_person":"!variable.is_first_person && !variable.map_face_icon && !query.is_spectator"},{"controller.render.player.glowing.first_person":"variable.is_first_person && !variable.map_face_icon && !query.is_spectator && variable.is_glowing && !query.is_in_ui"},{"controller.render.player.glowing.third_person":"!variable.is_first_person && !variable.map_face_icon && !query.is_spectator && variable.is_glowing && !query.is_in_ui"},{"controller.render.player.glowing2.first_person":"variable.is_first_person && !variable.map_face_icon && !query.is_spectator && variable.is_glowing && !query.is_in_ui"},{"controller.render.player.glowing2.third_person":"!variable.is_first_person && !variable.map_face_icon && !query.is_spectator && variable.is_glowing && !query.is_in_ui"},{"controller.render.player.map":"variable.map_face_icon"}],"scripts":{"animate":["root","krila","fire_face","custom_dragon","custom_rainbow_hat","emoj_three_face","axol_pet_eyes","axol_pet_move","btf_con","bsbunny","shipdon","parrot_ones","parrot_thoes","parrot_threes","wings_flowerpwnone","wings_flowerpwntwo","capdonpuranhqone","btfpurgkpvaone","appa","barrier_wings","soul_wings1","soul_wings2","flame_helmet","flame_costume","pink_headphone1","pink_headphone2","skeleton_wings","purple_wings","purple_helmet","end_head"],"initialize":["variable.is_holding_right = 0.0;","variable.is_blinking = 0.0;","variable.last_blink_time = 0.0;","variable.hand_bob = 0.0;","variable.is_glowing = 0;"],"pre_animation":["variable.helmet_layer_visible = 1.0;","variable.leg_layer_visible = 1.0;","variable.boot_layer_visible = 1.0;","variable.chest_layer_visible = 1.0;","variable.attack_body_rot_y = Math.sin(360*Math.sqrt(variable.attack_time)) * 5.0;","variable.tcos0 = (math.cos(query.modified_distance_moved * 38.17) * query.modified_move_speed / variable.gliding_speed_value) * 57.3;","variable.first_person_rotation_factor = math.sin((1 - variable.attack_time) * 180.0);","variable.hand_bob = query.life_time < 0.01 ? 0.0 : variable.hand_bob + ((query.is_on_ground && query.is_alive ? math.clamp(math.sqrt(math.pow(query.position_delta(0), 2.0) + math.pow(query.position_delta(2), 2.0)), 0.0, 0.1) : 0.0) - variable.hand_bob) * 0.02;","variable.map_angle = math.clamp(1 - variable.player_x_rotation / 45.1, 0.0, 1.0);","variable.item_use_normalized = query.main_hand_item_use_duration / query.main_hand_item_max_duration;","variable.is_glowing = query.is_saddled;","variable.glowing_r = math.floor(query.mark_variant / 65536) / 255;","variable.glowing_g = math.floor((query.mark_variant - math.floor(query.mark_variant / 65536) * 65536) / 256) / 255;","variable.glowing_b = (query.mark_variant - math.floor(query.mark_variant / 256) * 256) / 255;"],"scale":"0.9375"},"textures":{"cape":"textures/entity/cape_invisible","default":"textures/entity/steve","glowing":"textures/glowing/glowing"}}}}