{"texture_data":{"acc_case":{"textures":"textures/items/acc_case.png"},"armor_case":{"textures":"textures/items/armor_case.png"},"coupon_case":{"textures":"textures/items/coupon_case.png"},"item_bronze_case":{"textures":"textures/items/item_bronze_case.png"},"item_gold_case":{"textures":"textures/items/item_gold_case.png"},"item_iron_case":{"textures":"textures/items/item_iron_case.png"},"mascot_sphere_case":{"textures":"textures/items/mascot_sphere_case.png"},"multicase":{"textures":"textures/items/multicase.png"},"tools_case":{"textures":"textures/items/tools_case.png"}}}