{"resource_pack_name":"customer","texture_data":{"auction_back":{"textures":["textures/items/auction/auction_back"]},"auction_filter":{"textures":["textures/items/auction/auction_filter"]},"auction_next":{"textures":["textures/items/auction/auction_next"]},"auction_search_item":{"textures":["textures/items/auction/auction_search_item"]},"auction_search_player":{"textures":["textures/items/auction/auction_search_player"]},"auction_update":{"textures":["textures/items/auction/auction_update"]},"battlepass":{"textures":["textures/items/battlepass"]},"bee_totem":{"textures":["textures/items/mascots/bee_totem"]},"blaze_totem":{"textures":["textures/items/mascots/blaze_totem"]},"blue_key":{"textures":["textures/items/keys/blue_key"]},"blue_sphere":{"textures":"textures/items/sphere/blue_sphere.png"},"costumes":{"textures":["textures/items/costumes"]},"custom_experience_bottle":{"textures":"textures/items/custom_experience_bottle.png"},"custom_glowing_item":{"textures":"textures/items/custom_glowing_item.png"},"cyan_key":{"textures":["textures/items/keys/cyan_key"]},"dragon_totem":{"textures":["textures/items/mascots/dragon_totem"]},"dygers_coins":{"textures":"textures/items/dygers_coins.png"},"dygers_coupon":{"textures":["textures/items/dygers_coupon"]},"dygers_money":{"textures":["textures/items/dygers_money"]},"enderman_totem":{"textures":["textures/items/mascots/enderman_totem"]},"green_key":{"textures":["textures/items/keys/green_key"]},"green_sphere":{"textures":"textures/items/sphere/green_sphere.png"},"iron_golem_totem":{"textures":["textures/items/mascots/iron_golem_totem"]},"item_access":{"textures":"textures/items/item_access.png"},"item_denied":{"textures":"textures/items/item_denied.png"},"light_blue_sphere":{"textures":"textures/items/sphere/light_blue_sphere.png"},"magic_enchant":{"textures":"textures/items/magic_enchant.png"},"num_":{"textures":["textures/items/num/num_"]},"num_0":{"textures":["textures/items/num/num_0"]},"num_1":{"textures":["textures/items/num/num_1"]},"num_2":{"textures":["textures/items/num/num_2"]},"num_3":{"textures":["textures/items/num/num_3"]},"num_4":{"textures":["textures/items/num/num_4"]},"num_5":{"textures":["textures/items/num/num_5"]},"num_6":{"textures":["textures/items/num/num_6"]},"num_7":{"textures":["textures/items/num/num_7"]},"num_8":{"textures":["textures/items/num/num_8"]},"num_9":{"textures":["textures/items/num/num_9"]},"orange_key":{"textures":["textures/items/keys/orange_key"]},"pink_sphere":{"textures":"textures/items/sphere/pink_sphere.png"},"purple_key":{"textures":["textures/items/keys/purple_key"]},"red_key":{"textures":["textures/items/keys/red_key"]},"red_sphere":{"textures":"textures/items/sphere/red_sphere.png"},"warden_totem":{"textures":["textures/items/mascots/warden_totem"]},"yellow_key":{"textures":["textures/items/keys/yellow_key"]},"yellow_sphere":{"textures":"textures/items/sphere/yellow_sphere.png"}},"texture_name":"atlas.items"}