{"format_version":"1.10.0","minecraft:attachable":{"description":{"animations":{"first_person_hold":"animation.custom_experience_bottle.first_person_hold","third_person_hold":"animation.custom_experience_bottle.third_person_hold"},"geometry":{"default":"geometry.custom_experience_bottle"},"identifier":"costumer:custom_experience_bottle","materials":{"default":"entity_alphatest","enchanted":"entity_alphatest_glint"},"render_controllers":["controller.render.item_default"],"scripts":{"animate":[{"first_person_hold":"c.is_first_person"},{"third_person_hold":"!c.is_first_person"}]},"textures":{"default":"textures/entity/attachable/custom_experience_bottle","enchanted":"textures/misc/enchanted_item_glint"}}}}