{"format_version":"1.10.0","minecraft:attachable":{"description":{"animations":{"first_person_hold":"animation.dygers_coupon.first_person_hold","third_person_hold":"animation.dygers_coupon.third_person_hold"},"geometry":{"default":"geometry.dygers_coupon_item"},"identifier":"customer:dygers_coupon","materials":{"default":"entity_alphatest","enchanted":"entity_alphatest_glint"},"render_controllers":["controller.render.item_default"],"scripts":{"animate":[{"first_person_hold":"c.is_first_person"},{"third_person_hold":"!c.is_first_person"}]},"textures":{"default":"textures/items/dygers_coupon_item","enchanted":"textures/misc/enchanted_item_glint"}}}}