{"format_version":"1.10.0","minecraft:attachable":{"description":{"animations":{"first_person":"animation.sphere.first_person","sphere_animation":"animation.sphere.animation"},"geometry":{"sphere_left":"geometry.sphere_left","sphere_right":"geometry.sphere_right"},"identifier":"costumer:pink_sphere","materials":{"default":"blaze_head"},"render_controllers":[{"controller.render.sphere_right":"query.get_equipped_item_name('main_hand') == 'pink_sphere'"},{"controller.render.sphere_left":"query.get_equipped_item_name('off_hand') == 'pink_sphere'"}],"scripts":{"animate":[{"first_person":"c.is_first_person"},{"sphere_animation":"!c.is_first_person"}]},"textures":{"default":"textures/entity/attachable/pink_sphere"}}}}