{"content":[{"path":"font/glyph_EF.png","key":"IsfKbyY9yUn3hsz0v98XYHJGIFZt7HEb"},{"path":"manifest.json","key":null},{"path":"textures/chat/emoji_button.json","key":"Wdey4FroebRkrewcFx4tVFD2kfpYxars"},{"path":"textures/chat/emoji_button.png","key":"ftNMJFaVhK5X5rbEhhzrmoGVc8dr47DP"},{"path":"textures/chat/emoji_button_hover.json","key":"lj7xWAwzap2OjLruhp1CMdda7Ta8Gouo"},{"path":"textures/chat/emoji_button_hover.png","key":"4rqTaAMtNaJyTP0diUqxr0fh42jjh09l"},{"path":"textures/chat/emoji_button_pressed.json","key":"TDV1ux0ppPM5Ulfg1YItlWRQRc1NL7wt"},{"path":"textures/chat/emoji_button_pressed.png","key":"KgJ8rVkDp0oW3gSFLrmrZcrdVE8oWSlN"},{"path":"textures/chat/emoji_panel_background.json","key":"AAdGS3guVcj97ULZOJuvf0V9Pcz64CwI"},{"path":"textures/chat/emoji_panel_background.png","key":"mERKpnTsUHnpwiMYp2rb8fkljeBSYqQ9"},{"path":"textures/chat/ore_ui_ScrollHandle.json","key":"ey3DVD9k0CtJ52meLYK88EtXaeauEsV7"},{"path":"textures/chat/ore_ui_ScrollHandle.png","key":"sSMLeMeuBQZFytYWE5eZem7PKIQDIEPW"},{"path":"textures/chat/ore_ui_touchScrollBox.json","key":"QxBEz24RfkwxG7g5xAyOm0MlwxAB2XFP"},{"path":"textures/chat/ore_ui_touchScrollBox.png","key":"6bZrEryOTy9Mfy6ye5dhLpsFJvL21xnd"},{"path":"ui/chat_screen.json","key":"U3HKtM1BWUYDwf9dhykScqkhSd1Hyj5G"}]}