{"content":[{"path":"animations/animation.appa.json","key":"xnwsg7ld2SKSjG7XZxcWBEM1CPMWSjAf"},{"path":"animations/animation.axol_animation.json","key":"nUu1ju1p4M02ExOhzojsYfjHPl7s22Ak"},{"path":"animations/animation.barrier_wings.json","key":"NNVhc8yhUzp2l6H77yZliigldwjcwErc"},{"path":"animations/animation.bsbunny.json","key":"aLKXdrUCacBTEQO1KeFmOHxExVl3ahrO"},{"path":"animations/animation.btfpurgkpva.json","key":"p62yZe2hmd2RHFOKiQJ74PWV7pAlHs7O"},{"path":"animations/animation.capdonpuranhq.json","key":"5glPC3Eoj33Ei3n4qaVeuCQmHyfXztSM"},{"path":"animations/animation.costumecase.json","key":"HhONCChO6f2fGhmneGeilBRzefcyzkQ8"},{"path":"animations/animation.dragon_animation.json","key":"grceJGkGOWzdDlCGOKmOCmsEM1OW6Zs6"},{"path":"animations/animation.emojface_animation.json","key":"cWecTBE11bkZEYRJP1XKWD3KkGHf2xdA"},{"path":"animations/animation.end_head.json","key":"bqY6PRgK6XELB1vIxLzmIJ25TNeYjnRC"},{"path":"animations/animation.flame_costume.json","key":"E1LmnFDyrQixHtYUmDifLbj0WyMBxdUQ"},{"path":"animations/animation.flame_helmet.json","key":"a9PLsZw62NaYYrA5wsSOLqvPX71X68yF"},{"path":"animations/animation.help.json","key":"lzfttm1T4EKWfCL2fAiZTzLq8CX75Ucd"},{"path":"animations/animation.navigation.json","key":"t4EP765bMGSKU6y2grHsMk4Sin3sq7TR"},{"path":"animations/animation.pink_headphone.json","key":"11mJRDy8rfUYUP1Tk7vsjvBAdankjDvm"},{"path":"animations/animation.rainbow_hat.json","key":"qYavDEgThW2Hk8uW5Y5bUCsBpyyrVGvc"},{"path":"animations/animation.shipdon.json","key":"GVZvsuH6KXFF6tamWBJ8axqpyxQXqTDf"},{"path":"animations/animation.soul_wings.json","key":"9JuXjKtxtzhCE6LJIDv8zb86b0Mj6esE"},{"path":"animations/animation.wings_flowerpwn.json","key":"hLBDtJpjrFYtE5mKR7vj4iVy4CBCgiFR"},{"path":"animations/ar.animations.json","key":"BZ0Lbicq6LZx0rkiUvxuB2iCYMMUfEDl"},{"path":"animations/archer.animation.json","key":"KgedJU8JA53NnZn9A4CdW9eS4AAbqgak"},{"path":"animations/attachables/battlepass.animation.json","key":"jWnPrzmiVtLPdYJSW5Z2C2wXN0OAg82S"},{"path":"animations/attachables/custom_experience_bottle.animation.json","key":"0OjEaNH2AJfVTEuNP4qD4Jt86htSdYGP"},{"path":"animations/attachables/sphere_fp.json","key":"Luej1XzSj3u2DB8arXbeI01pDcNdQAUJ"},{"path":"animations/attachables/sphere_tp.json","key":"MyaYP3XUDboNCPb7uExYp4ME13M6oi5Y"},{"path":"animations/btfcon.animation.json","key":"gPUZEZqnGcgH5CORrfgN2iE4ero76cVv"},{"path":"animations/chest.animation.json","key":"a7gwbPVga2rj7mNvhXeAcbX2TfWg1fIE"},{"path":"animations/fire.animation.json","key":"UjpYkKnYY57P1RLx0tKpMayStZudUsjP"},{"path":"animations/item.animation.json","key":"Dj6DR1kOjKVYU5RUsSSOodmCRYb7lM80"},{"path":"animations/krila.animation.json","key":"XNaGLMN8dtuRgRNHOcWl5BM1h3IZO9xz"},{"path":"animations/model.animation_1.json","key":"pm9Ql9Qms0V1zt3UBsaTB8T5SCvzQCZV"},{"path":"animations/model.animation_2.json","key":"wvPBTnzytMJyCrLfhd13D3TCpbbpzn1T"},{"path":"animations/parrotdon.animation.json","key":"VVYKjxScH1n9VbCYbeexTa4a6mvGev7n"},{"path":"animations/purple_helmet.animation.json","key":"6LLaCqmEQ5sTstFDoUDWXKVIa1e43bg2"},{"path":"animations/rain_wings.animation.json","key":"rN0MZZUumFoU4bbDrldlfWNsT86CJlON"},{"path":"animations/skeleton_wings.animation.json","key":"0b98VVpxawc7HQdm0McWr4FUDjmMc7Dg"},{"path":"attachables/battlepass.attachable.json","key":"VCybWKIXsStnxI36DWf5F7LFHbpv4IMh"},{"path":"attachables/blue_sphere.json","key":"Ak0oUrT4u79R2aPOBZ9cDom8mlw8K2rd"},{"path":"attachables/custom_experience_bottle.attachable.json","key":"X3NWg0dNtoN79YNpY8ZdlxzRI5kGpuW4"},{"path":"attachables/green_sphere.json","key":"KUBijpBOzcleWkfwLFPwpDFhu8jgekPJ"},{"path":"attachables/item.attachable.json","key":"Z1AATJSjJCoGl8S2yYuDByvgQtkHqsgA"},{"path":"attachables/light_blue_sphere.json","key":"feNhMLQaFJ8wZBsdugtXQKpuiJCsEPJl"},{"path":"attachables/pink_sphere.json","key":"OHe4vbCyoChU7Jd2E4ysQUgbU9KRxyUD"},{"path":"attachables/red_sphere.json","key":"m9YR1agxxquMZqANazoRS6YzBp4unOLk"},{"path":"attachables/yellow_sphere.json","key":"AHZNtq6lIgyr8HvnRUZ2WO6Q9XzJXLCI"},{"path":"entity/player.entity.json","key":"b4bc6F7SAEgZAM1GvcxvAPXxtmxZdbVa"},{"path":"font/glyph_B7.png","key":"QluhOdt6sG32Uru0OSpXynwQswuJbrSo"},{"path":"font/glyph_E1.png","key":"yQPkZNqMfmkDnva0gZlWY3gosITkPCXs"},{"path":"font/glyph_E3.png","key":"z0mKd4S7iYch296kcGqOoWQmIKtxo20y"},{"path":"items/auction_back.json","key":"usBvhID4wbjQUjqHGyEbsJjybxfkWwlZ"},{"path":"items/auction_filter.json","key":"9QcBhNpP4lyEitOK6bJGlE0f2JQOiG5X"},{"path":"items/auction_next.json","key":"rtQ3F4CmdGXGfQkmIjVuwu1gP3cVFqUi"},{"path":"items/auction_search_item.json","key":"QHyjZDD0dNthlWnEFkaw5ybK7oKl6Bs0"},{"path":"items/auction_search_player.json","key":"7fdHQ9RtaSqyxcFnjuCkCLnzYCWGVa4A"},{"path":"items/auction_update.json","key":"55cBFQg6k6TVHTIDQIMjNpD6VHItHKuc"},{"path":"items/battlepass.json","key":"cNLUVTfRb28k5NUowUEVqHNonJvGXWsO"},{"path":"items/blue_key.json","key":"EoV5XsweQ8d2xs6AX4dZaT9KIJx8mfrm"},{"path":"items/costumes.json","key":"N2ina7XyIsU8GMkkEx2IHKhiBUROl9sx"},{"path":"items/custom_experience_bottle.json","key":"3A7qYvlf2vDsSNUfIL8sVPp8z8PS72Ct"},{"path":"items/cyan_key.json","key":"xMmiHQOR6TpIsneqzGopNYQqH1V354Dj"},{"path":"items/dygers_coupon.json","key":"J5iTYtsCOwzfzfIOROROfAXu2qtvQRFU"},{"path":"items/green_key.json","key":"7ZVu9M6AS2hrlYdlxKoBXv2o2S2qcDX1"},{"path":"items/magic_enchant.json","key":"nKrnh9NjwsTi45d4LA3eM0yZ8dQY0FrK"},{"path":"items/num_.json","key":"5YnhNEflDBayXSyoA7hquD6CylW0NvNg"},{"path":"items/num_0.json","key":"vcAhJmv0lUBNRrcCA8XeEqiJoIFdmj2t"},{"path":"items/num_1.json","key":"LdghFpm78FvU8ZiarsXMKUyqFgYiztdS"},{"path":"items/num_2.json","key":"8CBwWfVlpcQYo3YDJxuAb6jmgNF0qRpd"},{"path":"items/num_3.json","key":"KOHybEpbRTLvbh7gRp7TwJzJCz9IxMTP"},{"path":"items/num_4.json","key":"1Bzr4aKxjMCvpUGo4POSRe4uQgn7ThCY"},{"path":"items/num_5.json","key":"QFDX0G1qEQ0XWgItM9gb9YH9Zc1HFF5m"},{"path":"items/num_6.json","key":"sppbtl0dPGxmTxuvmd7ZvgZM4Idk50qY"},{"path":"items/num_7.json","key":"KAf957qYOn7PAEQcr8WGkq4nY0BYHZiE"},{"path":"items/num_8.json","key":"2xtC89NIvqjz6SJMLwH5jgJ46JMyBQnq"},{"path":"items/num_9.json","key":"9ZEIgDAfqDU3T2wDOMwk2PnJgk9DzYjp"},{"path":"items/orange_key.json","key":"CuxCokNnv5X70khKPz1A5PPJdwU6lOFa"},{"path":"items/purple_key.json","key":"UEqzAW2o13wibmdLiaIFd0VFUWY7EAFo"},{"path":"items/red_key.json","key":"vikB8Q6oy89gTDZ77BlI7dLKgJKzixR3"},{"path":"items/yellow_key.json","key":"6oj1pKwWvYduqkVj2iwpYrSiNVzUm3bt"},{"path":"manifest.json","key":null},{"path":"materials/entity.material","key":"D5dggKKadO4Fo8W5MlvLcoTXxVG8Gp4X"},{"path":"models/entity/attachable/battlepass.geo.json","key":"dgB4FOzpoehADja34j0IXwomE6dwkbvT"},{"path":"models/entity/attachable/custom_experience_bottle.geo.json","key":"Ncq9mx0BU9jBAT8Zs9AMMjeuTNAPp9Ex"},{"path":"models/entity/glowing.geo.json","key":"COQHfNDxznHAHudPXP4OK2akVTlngWrc"},{"path":"models/entity/item.model.geo.json","key":"CxCyW5CBQBsNOmA4ZzwlkmdBCLYgG1hk"},{"path":"models/entity/ls.json","key":"DGYOdOuDpUZokYDT5d9lOreC7cBX2r6k"},{"path":"models/entity/rs.json","key":"jDMNwp0uvCInSo6uBwl0uhnDuo9kIHQu"},{"path":"render_controllers/player.render_controllers.json","key":"1XBIAJstLTa1vvbraZcygQdLWdqAI8oU"},{"path":"render_controllers/totem.render_controllers.json","key":"36ZWmhpbp26uldrT5XwDhosp6jkN6F65"},{"path":"textures/customform/btn_background_green.png","key":"howEjqz5WzNHyCG0PnTq3yrlLi6mnrp4"},{"path":"textures/customform/btn_background_purple.png","key":"P2UgBcoEX1arU2wJEIPw9AeenJyWEJUh"},{"path":"textures/customform/btn_background_red.png","key":"PP4ja9GyUmweT7aECkeBySVFf7eMb7EX"},{"path":"textures/entity/attachable/battlepass.png","key":"FgQZJOWkpqMBYgALX5Umdn0JacRVfZ7n"},{"path":"textures/entity/attachable/blue_sphere.png","key":"2MRlZ6NMrO2ztZZVoJz4vjYv6Dxqhe7F"},{"path":"textures/entity/attachable/custom_experience_bottle.png","key":"iEJsvWo5ICCTaZNGXk2DuWBVSlXL9G9G"},{"path":"textures/entity/attachable/green_sphere.png","key":"Q86cM8y0eztPTlxFojSof6RMaqCmJ76B"},{"path":"textures/entity/attachable/light_blue_sphere.png","key":"Pd7MZNnxSYJhqBcqsp8IWHSORJPgId6s"},{"path":"textures/entity/attachable/pink_sphere.png","key":"FMjYFEs8ZGtpZRS9p5E0mdP7xtFBYcnh"},{"path":"textures/entity/attachable/red_sphere.png","key":"tGozVA75ATnQEvXIraXIA5Ox19dLfdgv"},{"path":"textures/entity/attachable/yellow_sphere.png","key":"fDhxDztsZEMkaz2duWAEIC39vZWda9A5"},{"path":"textures/glowing/glowing.png","key":"Jt1aaknQ2hOINx3lylsK2ubY8tOdmgJC"},{"path":"textures/gui_custom/chest_auction.png","key":"xvJj4IyskP1rVmV1nmk2pA6E2DCJNnsh"},{"path":"textures/gui_custom/chest_costumes.png","key":"RcEhvipEswvYlB6qgUbZdSVYUWwzBcmm"},{"path":"textures/gui_custom/chest_craft.png","key":"fhkeYY5TgGe1IYq4kGcIgUiQdC8paSAm"},{"path":"textures/gui_custom/chest_custom.png","key":"3aowXUZ04NJVyH9B94yr8FiMSyguX4Kw"},{"path":"textures/gui_custom/chest_seller.png","key":"6TfOrxAhREG9Az4xL6hIdrgbkfFqocc6"},{"path":"textures/gui_custom/chest_seller_old.png","key":"ZmuKxcq1oc7wjyRSzKh3T1Ueb1mWvsCD"},{"path":"textures/gui_custom/custom_enchant.png","key":"nKLmYncSS8wAp1j00Xb9VYeFAqm6nM1G"},{"path":"textures/gui_custom/trade_menu.png","key":"rpt7EK6Qcjt9eD9od7wOMe9fGSDTZadW"},{"path":"textures/item_texture.json","key":"XZxBuW73huGj1uC7NQ4myVdYYsFCGZDq"},{"path":"textures/items/auction/auction_back.png","key":"eXYlIrBvrGIa4Oij846KrKxCDqXXPX15"},{"path":"textures/items/auction/auction_filter.png","key":"pppHlaj8pEy9yFagjU6H9SBcB5m5ANeM"},{"path":"textures/items/auction/auction_next.png","key":"1eapeSyxBpUxA68iKnxCOluRo9iIFuiq"},{"path":"textures/items/auction/auction_search_item.png","key":"rvj3LeP3ukH5r3GcGPrxafEj47IOZOeL"},{"path":"textures/items/auction/auction_search_player.png","key":"3FUkXzF2bIcEHPMpBOsB1RJAM9DU7fAG"},{"path":"textures/items/auction/auction_update.png","key":"gfBfZlFTg0zTnscwKiwbDpUorwqk8Yg9"},{"path":"textures/items/battlepass.png","key":"92D4iP4WDhHh08yjbn6Etgu66Vsrng86"},{"path":"textures/items/costumes.png","key":"Zfuw52SN9JOauXFyKcclKA5Q3rE85aiY"},{"path":"textures/items/custom_experience_bottle.png","key":"wwmvLMd2rVOCo8Kw80xmXse1eWuz9jpu"},{"path":"textures/items/custom_glowing_item.png","key":"cNvGbIwDItG2zD38p4B6w7EppnI00ffp"},{"path":"textures/items/dygers_coins.png","key":"LtUdvir2RC7AdlCfEL9SJntWvRO5Siv3"},{"path":"textures/items/dygers_coupon.png","key":"MQlRxxt9FjM2WlwGeqoE7lYvJRySuXTe"},{"path":"textures/items/dygers_coupon_item.png","key":"nVoEFoRH0ogZW22rzIpPiemlAQ0CRzrh"},{"path":"textures/items/dygers_money.png","key":"NlRAjqmIe0SDMKp4F6jlASaakLJs9dXt"},{"path":"textures/items/item_access.png","key":"D3QJGxLKkzhy6n4FvUKAXufK2ztoJsSl"},{"path":"textures/items/item_denied.png","key":"J8BZ19PzwO7ibdDD5XPMNeRbxaaxr4LZ"},{"path":"textures/items/keys/blue_key.png","key":"mOkP85NtvnRMc8D4G7c7KMYBYdA9kpTB"},{"path":"textures/items/keys/cyan_key.png","key":"ku2Vcq4mZqIDWEc5SZJdtz2SzsrLdCFj"},{"path":"textures/items/keys/green_key.png","key":"jsk2LEKXQdHNhIzOCCQA6Rgg2IYRj8Zr"},{"path":"textures/items/keys/orange_key.png","key":"Uor58ko2IJSH4D3fL3tc6z36uyRYFgNO"},{"path":"textures/items/keys/purple_key.png","key":"1G6NlkaJmIRUBJSmca2tDfXV7ndUcrSU"},{"path":"textures/items/keys/red_key.png","key":"ts1vIX1r6UfObpMOPXrHPGY107DTP9iW"},{"path":"textures/items/keys/yellow_key.png","key":"TM2eHhX7HVkRV5lTinh1vMRxhZLuhPun"},{"path":"textures/items/magic_enchant.png","key":"KEOkeez1R0wejwQ8mkQF5HCxPiVQ8Lg3"},{"path":"textures/items/mascots/bee_totem.png","key":"NP1rCedxZDpaFEPd2jvH8lOT7ddKCJ2O"},{"path":"textures/items/mascots/blaze_totem.png","key":"qlBKpMSB6sJoMicRolXj7iJCs9GojIR3"},{"path":"textures/items/mascots/dragon_totem.png","key":"EYcIhZ5fQsnIO1ePUeETrp1j1jsSUpgY"},{"path":"textures/items/mascots/enderman_totem.png","key":"VogZbvwmt0peuWhrPHsn1Hvf9pgB3i6D"},{"path":"textures/items/mascots/iron_golem_totem.png","key":"eqxIkJu8aJ8Zt8tbVUscTUHtsL9RGVi4"},{"path":"textures/items/mascots/warden_totem.png","key":"KUxop8t2bRLi4m4Vgbq2ZIwvveLiJWTg"},{"path":"textures/items/num/num_.png","key":"xeNRjQzjYTcmZ0gzhzcyEdpH0odMuFAf"},{"path":"textures/items/num/num_0.png","key":"nZjQcIkEkogVkpPNN2gzQN2dXVC02Br0"},{"path":"textures/items/num/num_1.png","key":"cPIv06tfi8bmbsPVuk0jmS7PvWaP6StV"},{"path":"textures/items/num/num_2.png","key":"3CR6EwshAAyguqbDKjDA5ayWhQANjLHy"},{"path":"textures/items/num/num_3.png","key":"OC2wbeieA52hzbaQ7phkkU787bNG7mbG"},{"path":"textures/items/num/num_4.png","key":"8lPnP2fTXmJhUVW7W5drlKZKQiK0xHUV"},{"path":"textures/items/num/num_5.png","key":"hi9Zl4hVxVzk3Z9hiZ5R1vmb62S7QeiY"},{"path":"textures/items/num/num_6.png","key":"uJqJfGJPOXlZoBwzN9ixZubcf5vco4Bu"},{"path":"textures/items/num/num_7.png","key":"cRb4nEnnZjlgeiEOs4TBRbUiuN1yTegr"},{"path":"textures/items/num/num_8.png","key":"xXASNYrN8aPzM7pRQPU1CS5ha6rXJjFz"},{"path":"textures/items/num/num_9.png","key":"XU4zT3uCozzjpQYsI3zEUM7lRpqyIvM9"},{"path":"textures/items/sphere/blue_sphere.png","key":"UZt4pqVndtpM2LCXYFDoLZdKwUgkh0ex"},{"path":"textures/items/sphere/green_sphere.png","key":"C06XVFn1pjPiKfM2Akl2b1KnPrdIj8XC"},{"path":"textures/items/sphere/light_blue_sphere.png","key":"gGY6IFI3sRokEVrVu0iiQ7CIS3NxRRw5"},{"path":"textures/items/sphere/pink_sphere.png","key":"naen3tBGKBPMIrKO2QXd2eCmuVMUQk0F"},{"path":"textures/items/sphere/red_sphere.png","key":"erZu2ZRilhGBWSl3jbPgHKSi8cj7cuyj"},{"path":"textures/items/sphere/yellow_sphere.png","key":"t9UT2zfqOaAOGfpG6ZpMrvpfppXzjMer"},{"path":"textures/ui/boiler.png","key":"dEFPPcvlDltfZQN1e5xBiDslEHBwfuVj"},{"path":"textures/ui/brand_blue_box.json","key":"eMArvRvrg4ePHijk13hvLR1t320U8uk5"},{"path":"textures/ui/brand_blue_box.png","key":"alIQjSZGR4Bug52nb74MyI6CmBq0Tbw2"},{"path":"textures/ui/brand_blue_scrollhandle.json","key":"94XZ2VJfkzMsNE622V0okBnX8SeS5R3n"},{"path":"textures/ui/brand_blue_scrollhandle.png","key":"PZ4PZaWGGts0waq6aPoStKXKtIZ9Veqb"},{"path":"textures/ui/brand_blue_scrollrail.json","key":"OYTQGlhnVZgUsEAb7Er4W3wptFpnmYyh"},{"path":"textures/ui/brand_blue_scrollrail.png","key":"40j43dL4QqHZFfzXRQV1LcjuXxJLZ1vf"},{"path":"textures/ui/brand_blue_throbber.json","key":"S1fFaz5W78L4d57NqPpzjusEeIxfQu1y"},{"path":"textures/ui/brand_blue_throbber.png","key":"eJSQeSFkgpWipE1sWC2nt2rltPNPVJyJ"},{"path":"textures/ui/button_back.json","key":"8KnbNsdmYgc3FCvXwO0OPfy1oMW5jJoj"},{"path":"textures/ui/button_back.png","key":"3pHKHzyygDm2zJkpHSqHNdjgx6m2i8b5"},{"path":"textures/ui/button_back_hover.json","key":"dUH53uSdpqSkEuBwn33QrU2uBWLjqPRs"},{"path":"textures/ui/button_back_hover.png","key":"yZ6qgvk8PYzR9k4Bu6Y0f7lFO5iJPUbg"},{"path":"textures/ui/button_blue_default.json","key":"RugSthCsXWQC4h0jp3q8tCGtqJm9QhvI"},{"path":"textures/ui/button_blue_default.png","key":"Jw9FqOIRyajRk2bYmS4Vw8jFNDodDb8e"},{"path":"textures/ui/button_blue_default_hover.json","key":"iKbSEh91xJ4QC7irmXA0EW5jibQdvhbz"},{"path":"textures/ui/button_blue_default_hover.png","key":"0HbdFirTtigctHXsiOjy6OZn62xBdCgU"},{"path":"textures/ui/button_category_selected.json","key":"uOLR7HiG1TPZBP5agp5IlkiH7RuWEwne"},{"path":"textures/ui/button_category_selected.png","key":"kPlb02BMDEr6HeVoWcZYRo5cIPbjT4Tr"},{"path":"textures/ui/button_close.json","key":"UTmRMwsSOUEE3rTsP28ujP7sJ6keB5hC"},{"path":"textures/ui/button_close.png","key":"o7meq0FoPWhtAGE4QroYD2N6Hztoen0t"},{"path":"textures/ui/button_close_hover.json","key":"oyGaOjxMowNOrCz0t128lkOyiLD3ULXO"},{"path":"textures/ui/button_close_hover.png","key":"xmlQFHp1sl5bBEwJomqAIe3WHTW0WRsb"},{"path":"textures/ui/button_filled_white.json","key":"NatV19lLo7T936JqKLsVwFVgwUSeRb9B"},{"path":"textures/ui/button_filled_white.png","key":"TO19Bt6rzmn4TSAXf2oQeuVcUBSXkcQr"},{"path":"textures/ui/button_filled_white_hover.json","key":"DLmRKmd628t7mR5zEezwmByVB0mqZPHa"},{"path":"textures/ui/button_filled_white_hover.png","key":"Fzin5WWYHc6MVm35kDyBitlbXzfpUwVD"},{"path":"textures/ui/button_gold.json","key":"dCHhJKW1WdK5XBWvdJOoQ9RpDu16Fqbd"},{"path":"textures/ui/button_gold.png","key":"sMQ7akAQ0HBWwk8J7JOro4GVXOoqXSwo"},{"path":"textures/ui/button_gold_hover.json","key":"ZGG3ZVSkfQ7pDdYVXnRoAPAzEro6CpQF"},{"path":"textures/ui/button_gold_hover.png","key":"aASvEgXyBT5zxsIsz5BCGtFYu15s8jXB"},{"path":"textures/ui/button_header.json","key":"xqINGNan82b6rYjuPjmeiqesOcbFIyrk"},{"path":"textures/ui/button_header.png","key":"2VxQJugwUnEmFRju7ijiZ6FLDbGQte8H"},{"path":"textures/ui/button_header_hover.json","key":"HUiH8Gp6PuxYz0jRBA2sq6rrM2h6Mq25"},{"path":"textures/ui/button_header_hover.png","key":"mJUc2gWrqilMAhIF3Fn2KgMG2SXOJWD8"},{"path":"textures/ui/button_white.json","key":"3DaZR2trW2RLWhQp2lYevV2XCXyCi1d4"},{"path":"textures/ui/button_white.png","key":"3fmZoNf8EPOIvMtlZEvYj2sgvglwMvtb"},{"path":"textures/ui/button_white_hover.json","key":"Am9WhSTh6GxyWdxYthkvvwSLHnvudLZE"},{"path":"textures/ui/button_white_hover.png","key":"6G8XHwBxD3hIYxadd00ErFq0gAxvFwwm"},{"path":"textures/ui/dark_blue_gradient.json","key":"39Hqx85qDpttvcj7tnleUBQ824psjOxP"},{"path":"textures/ui/dark_blue_gradient.png","key":"Dj8n1D5Dl9sSy8scITKhj5RF5tbybKlM"},{"path":"textures/ui/hive/hive_rounded_corners.json","key":"ABgikRFlsxPMuvoPfyyRGgrAFQjEyYo0"},{"path":"textures/ui/hive/hive_rounded_corners.png","key":"kCkMht2FhfHBHxTVDazIWX4AkxWowKP7"},{"path":"textures/ui/icon_arrow_left.png","key":"lTQQ9pKgjVgGDoFpHDFjUkD91Dgo0S4f"},{"path":"textures/ui/icon_arrow_right.png","key":"793qfd2sDMGNu9Tm2nRHo5vDmXSaa6mt"},{"path":"textures/ui/icon_back.png","key":"72pV84AIXPcpGEyRxKTpJodLA4iKrqFf"},{"path":"textures/ui/icon_bin.png","key":"SGXuRUTH9UimPdK54IyyNlUi8wtLFU5C"},{"path":"textures/ui/icon_category_selected.png","key":"9GflQhqXjdPF9SX1CBfwqSmhTtKL82xZ"},{"path":"textures/ui/icon_close.png","key":"GMQ6teJFrDMuUxuJzdImqumQY1Vn5Lrp"},{"path":"textures/ui/icon_crown.png","key":"Gj90f0piDMlphMWxAxEZmLR5iUFmBCOS"},{"path":"textures/ui/icon_dice.png","key":"ARCbXyNycod5WO7cUgDjSfGxw3joBpu1"},{"path":"textures/ui/icon_envelope.png","key":"vL4G6QKDbcHvOTL5o4JCsVKf16GNzm20"},{"path":"textures/ui/icon_equipped.png","key":"0KzjD17X6nBSm1JcZPd7spZNbP3wijMt"},{"path":"textures/ui/icon_form_info.png","key":"UsOxap56lakOllqW6mbqwqDX6EoUDQc8"},{"path":"textures/ui/icon_form_shop.png","key":"0P7VM96YnYnleAowJdswGxd2Shkj927b"},{"path":"textures/ui/icon_gift.png","key":"W12C2LOtqxIQxhodzqKwBouO7SDa7Be8"},{"path":"textures/ui/icon_heart.png","key":"AjnNgd7fw6DoTAzODAk6ccl80kE0XQ9d"},{"path":"textures/ui/icon_refresh.png","key":"kARg2EFbn7qE1znLQv0OHAdCPqvFzvdt"},{"path":"textures/ui/icon_region_as.png","key":"FRAowLxgITSvdKo4XvfoMAaQgmpJU4uY"},{"path":"textures/ui/icon_region_eu.png","key":"2wXX0O9C4fLma5vqrPr56tB4MUJZNNeK"},{"path":"textures/ui/icon_region_na.png","key":"C90p0PuC8tXmhRs2BQqQO0hjkFn3PFv7"},{"path":"textures/ui/icon_stats.png","key":"NAz9lSWXRRpHZggf1Feegi5tA37vLpXu"},{"path":"textures/ui/image_brand_sheen.png","key":"HxaNPJiCC7frJEn75bbfWHsg0sYvS26U"},{"path":"textures/ui/image_loot_equipped.png","key":"idQM6CFspzTHKYcgo8cP8el8JCi9iGoA"},{"path":"textures/ui/rounded_box_dark.json","key":"FJWOjP4ZBN49ZXBnoyOak8GAkC1rnIan"},{"path":"textures/ui/rounded_box_dark.png","key":"Er36CEqDwhpnS1RdtuxRx28dHO22qQi0"},{"path":"textures/ui/rounded_box_white.json","key":"BdchdoDAcrCEC8ZPDfWC2ELBBm9KGRkA"},{"path":"textures/ui/rounded_box_white.png","key":"UyEp50Jwl4bb5OTADRPyVLBARqPbFYbi"},{"path":"textures/ui/rounded_textbox_blue.json","key":"bqzUKojFlkSbSeaKzqdPElYWGXo5Jxpw"},{"path":"textures/ui/rounded_textbox_blue.png","key":"BPxgEHMw5MrjisOKqWX3Xb4m4IS1GZ5V"},{"path":"textures/ui/scoreboard.json","key":"Z6lqfInuFicF0H7ik7ynIBkeNrwfW7f8"},{"path":"textures/ui/scoreboard_entry.json","key":"GWsCp8ZTPbLiHLGJF6sO85esMHTvhsqK"},{"path":"textures/ui/scoreboard_entry.png","key":"sujEqDvhI9iAN1pSBENBuC7zkZAWgYNu"},{"path":"textures/ui/scoreboard_logo.png","key":"7iMlz78hhvHZwIr6fkRt831wM7OB6xob"},{"path":"textures/ui/title.png","key":"AsLdB5MVCVV92RY8zagqi3cHIp7eiECS"},{"path":"ui/_global_variables.json","key":"f0llYViWGBwmE4NoAKgf9V7uEvqwWz4I"},{"path":"ui/_ui_defs.json","key":"C9D6PpBwWfzan41IhKjQz7252NpRfNS6"},{"path":"ui/chest_screen.json","key":"mhsy56N31oMy7pk2eM0rqZw094yvp5hZ"},{"path":"ui/cubecraft/cubecraft_buttons.json","key":"LnUw2kXe5kgF9pOBVz9PEFBnth4Vc7gx"},{"path":"ui/cubecraft/cubecraft_common.json","key":"GFoUR51aKH1ksVDu5TUlsB5QmxM7lM9k"},{"path":"ui/cubecraft/cubecraft_custom_form.json","key":"YXzFDpsutDnOISeeE6X0IwWC2ocAqv8b"},{"path":"ui/cubecraft/cubecraft_dynamic_form.json","key":"5CVEyX7ZbjnxhkWZZufYSacXdGd9F27Q"},{"path":"ui/cubecraft/cubecraft_long_form.json","key":"ji7kQIYDq0Hm4KjXkPnRnAyKw4bMGQRT"},{"path":"ui/cubecraft/cubecraft_scroll.json","key":"IfQ7qRjHJHYUX2LJmdaFOydpDbA8LozY"},{"path":"ui/hud_screen.json","key":"i51QoJANEbaOddyYCoBx8g2WVXHAySK2"},{"path":"ui/scoreboards.json","key":"tC4QRCjI0nhgw4Az0QCSPUYpFvVoPvfN"},{"path":"ui/server_form.json","key":"yI1deR4sCTAHBksl1z0TqN61uFRFyvfl"}]}