{"custom_form":{"controls":[{"custom_form_panel@cubecraft_scroll.scrolling_panel":{"$scroll_bar_right_padding_size":[0,0],"$scroll_bar_side":"right","$scroll_size":[6,"100%"],"$scrolling_content":"cubecraft_custom_form.custom_form_scrolling_content","$scrolling_pane_offset":[8,0],"$scrolling_pane_size":["100% + 12px","100% - 2px"],"$show_background":false,"anchor_from":"top_middle","anchor_to":"top_middle","size":["100%","100%"]}},{"rounded_box@cubecraft_common.rounded_box_dark":{"anchor_from":"top_middle","anchor_to":"top_middle","offset":[1,0],"size":["100% + 5px","100% - 1px"]}}],"type":"panel"},"custom_form_scrolling_content":{"$button_text_binding_type":"collection","$button_text_grid_collection_name":"form_buttons","anchor_from":"top_left","anchor_to":"top_left","controls":[{"padding":{"size":["100%",2],"type":"panel"}},{"generated_form@server_form.generated_contents":{}},{"submit_button@cubecraft_buttons.light_text_button":{"$button_text":"gui.submit","$pressed_button_name":"button.submit_custom_form","anchor_from":"top_left","anchor_to":"top_left","bindings":[{"binding_name":"#submit_button_visible","binding_name_override":"#visible"}],"size":["100%",32]}}],"offset":[2,0],"orientation":"vertical","size":["100% - 4px","100%c + 6px"],"type":"stack_panel"},"namespace":"cubecraft_custom_form"}