{"button_image":{"bindings":[{"binding_collection_name":"form_buttons","binding_name":"#form_button_texture","binding_name_override":"#texture","binding_type":"collection"},{"binding_collection_name":"form_buttons","binding_name":"#form_button_texture_file_system","binding_name_override":"#texture_file_system","binding_type":"collection"},{"binding_type":"view","source_property_name":"(not ((#texture = '') or (#texture = 'loading')))","target_property_name":"#visible"}],"fill":"(not ($button_to_show = 'grid_tile'))","layer":4,"type":"image"},"close_button_icon":{"texture":"textures/ui/icon_close","type":"image"},"cube_button_factory":{"$factory_control_name|default":"cubecraft_common.cube_selective_button_panel","$panel_size|default":[36,36],"bindings":[{"binding_condition":"once","binding_name":"#form_button_length","binding_name_override":"#collection_length"}],"collection_name":"form_buttons","factory":{"control_name":"$factory_control_name","name":"cubecraft_buttons"},"orientation":"vertical","type":"stack_panel"},"cube_selective_button_panel":{"$button_anchor|default":"center","$button_control_name|default":"form_button@cubecraft_buttons.blue_button","$button_font_size|default":"normal","$button_offset|default":[0,0],"$button_size|default":"$panel_size","$button_to_show|default":"","$image_anchor|default":"center","$image_clipping|default":"","$image_offset|default":[0,0],"$image_size|default":"$panel_size","$panel_anchor|default":"center","$panel_max_size|default":[0,0],"$panel_size|default":[36,36],"anchor_from":"$panel_anchor","anchor_to":"$panel_anchor","bindings":[{"binding_collection_name":"form_buttons","binding_condition":"once","binding_name":"(not ((#form_button_text - $button_to_show) = #form_button_text))","binding_name_override":"#visible","binding_type":"collection"}],"controls":[{"image@cubecraft_common.button_image":{"anchor_from":"$image_anchor","anchor_to":"$image_anchor","offset":"$image_offset","size":"$image_size"}},{"$button_control_name":{"$button_text_max_size":["100%","100%"],"$button_text|default":"#form_button_text","$pressed_button_name|default":"button.form_button_click","anchor_from":"$button_anchor","anchor_to":"$button_anchor","bindings":[{"binding_collection_name":"form_buttons","binding_type":"collection_details"}],"size":"$button_size"}}],"max_size":"$panel_max_size","size":"$panel_size","type":"panel"},"form_button_icon":{"bindings":[{"binding_collection_name":"form_buttons","binding_name":"#form_button_texture","binding_name_override":"#texture","binding_type":"collection"}],"type":"image"},"header_button_panel":{"$button_icon_control|default":"@cubecraft_common.form_button_icon","$button_to_show":"header_button","anchor_from":"right_middle","anchor_to":"right_middle","bindings":[{"binding_collection_name":"form_buttons","binding_condition":"once","binding_name":"(not ((#form_button_text - $button_to_show) = #form_button_text))","binding_name_override":"#visible","binding_type":"collection"}],"controls":[{"header_button@cubecraft_buttons.blue_button":{"$button_text|default":"#form_button_text","$default_button_size":[18,18],"$default_button_texture":"textures/ui/button_header","$default_focus_precedence":-10,"$focus_id":"form_button_header","$focus_magnet_enabled":false,"$hover_button_size":[20,20],"$hover_button_texture":"textures/ui/button_header_hover","$hover_text_forced":true,"$pressed_button_name|default":"button.form_button_click","$pressed_button_texture":"textures/ui/button_header_hover","focus_change_up":"FOCUS_OVERRIDE_STOP"}},{"$button_icon_control":{"layer":10,"size":[16,16]}}],"size":[20,12],"type":"panel"},"header_panel":{"controls":[{"header_text":{"controls":[{"text_white@cubecraft_common.mineten_header_label":{"layer":2,"offset":[0,-9]}},{"underline":{"anchor_from":"bottom_left","anchor_to":"bottom_left","offset":[1,-7],"size":["100% - 3px",3],"texture":"textures/ui/brand_blue_box","type":"image"}}],"size":["fill","100%"],"type":"panel"}},{"header_button_factory@cubecraft_common.cube_button_factory":{"$factory_control_name":"cubecraft_common.header_button_panel","orientation":"horizontal"}},{"close_button@cubecraft_common.header_button_panel":{"$button_icon_control":"@cubecraft_common.close_button_icon","$button_text":"","$is_close_button":true,"$pressed_button_name":"button.menu_exit","bindings":[{"binding_name":"(not #is_using_gamepad)","binding_name_override":"#visible"}],"visible":"(not $is_console)"}}],"orientation":"horizontal","size":["100%",20],"type":"stack_panel"},"mineten_header_label":{"anchor_from":"top_left","anchor_to":"top_left","bindings":[{"binding_type":"view","source_property_name":"(#title_text-'is_dynamic'-'&big_button'-'&small_grid'-'&grid_text'-'&stack_text'-'&side_text'-'§l')","target_property_name":"#modified_text"}],"color":[1,1,1],"font_size":"large","font_type":"MinecraftTen","max_size":["default","100%"],"shadow":false,"size":["100%",20],"text":"#modified_text","type":"label"},"namespace":"cubecraft_common","rounded_box":{"color":[1,1,1],"texture":"textures/ui/rounded_box_white","type":"image"},"rounded_box_blue@cubecraft_common.rounded_box":{"color":"$cubecraft_main_blue"},"rounded_box_dark@cubecraft_common.rounded_box":{"alpha":0.8,"color":[0.054,0.094,0.203]},"rounded_textbox_blue":{"$content_text_color|default":"$main_header_text_color","$content_text|default":"","$image_anchor|default":"center","$image_offset|default":[-1,0],"$image_size|default":["100% - 8px","100%sm + 12px"],"$text_anchor|default":"center","$text_offset|default":[0,0],"$text_size|default":["100% - 20px","default"],"controls":[{"label":{"anchor_from":"$text_anchor","anchor_to":"$text_anchor","color":"$content_text_color","layer":30,"offset":"$text_offset","size":"$text_size","text":"$content_text","type":"label"}},{"image":{"anchor_from":"$image_anchor","anchor_to":"$image_anchor","offset":"$image_offset","size":"$image_size","texture":"textures/ui/rounded_textbox_blue","type":"image"}}],"size":["100%","100%cm"],"type":"panel"},"screen_entrance_animation_push_fade":{"anim_type":"alpha","duration":0.2,"easing":"in_cubic","end_event":"screen.entrance_end","from":0.65,"play_event":"screen.entrance_push","to":1.0},"screen_entrance_animation_push_offset":{"anim_type":"offset","duration":0.2,"easing":"out_back","end_event":"screen.entrance_end","from":[0,-4],"play_event":"screen.entrance_push","to":[0,0]},"screen_exit_animation_pop_fade":{"anim_type":"alpha","duration":0.2,"easing":"out_quart","end_event":"screen.exit_end","from":1.0,"play_event":"screen.exit_pop","to":0.65},"screen_exit_animation_pop_offset":{"anim_type":"offset","duration":0.2,"easing":"out_cubic","end_event":"screen.exit_end","from":[0,0],"play_event":"screen.exit_pop","to":[0,-4]},"selective_content_textbox@cubecraft_common.rounded_textbox_blue":{"$content_text":"#form_text","$textbox_binding|default":"(not (#form_text = ''))","bindings":[{"binding_type":"view","source_property_name":"$textbox_binding","target_property_name":"#visible"}],"size":["100%","100%cm + 4px"]}}