{"dynamic_button":{"controls":[{"image_panel@cubecraft_long_form.image_panel":{}},{"form_button@cubecraft_buttons.light_text_button":{"$button_text":"#form_button_text","$button_text_binding_type":"collection","$button_text_grid_collection_name":"form_buttons","$button_text_max_size":["100%",20],"$default_focus_precedence":10,"$focus_id":"form_button_long","$pressed_button_name":"button.form_button_click","anchor_from":"top_left","anchor_to":"top_left","bindings":[{"binding_collection_name":"form_buttons","binding_type":"collection_details"}],"size":["fill",32]}}],"orientation":"horizontal","size":["100%",34],"type":"stack_panel"},"image_panel":{"bindings":[{"binding_type":"view","resolve_sibling_scope":true,"source_control_name":"image","source_property_name":"(not (#texture = ''))","target_property_name":"#visible"}],"controls":[{"image":{"bindings":[{"binding_collection_name":"form_buttons","binding_name":"#form_button_texture","binding_name_override":"#texture","binding_type":"collection"},{"binding_collection_name":"form_buttons","binding_name":"#form_button_texture_file_system","binding_name_override":"#texture_file_system","binding_type":"collection"},{"binding_type":"view","source_property_name":"(not ((#texture = '') or (#texture = 'loading')))","target_property_name":"#visible"}],"layer":2,"size":[32,32],"type":"image"}},{"progress@progress.progress_loading_bars":{"bindings":[{"binding_type":"view","resolve_sibling_scope":true,"source_control_name":"image","source_property_name":"(#texture = 'loading')","target_property_name":"#visible"}],"offset":[-2,16],"size":[30,4]}}],"size":[36,"100%c"],"type":"panel"},"long_form":{"controls":[{"button_and_text_panel":{"controls":[{"scrolling_panel@cubecraft_scroll.scrolling_panel":{"$scroll_bar_right_padding_size":[6,0],"$scroll_bar_side":"right","$scroll_size":[6,"100%"],"$scrolling_content":"cubecraft_long_form.long_form_scrolling_content","$scrolling_pane_offset":[10,0],"$scrolling_pane_size":["100% + 20px","100%"],"$show_background":false,"anchor_from":"top_middle","anchor_to":"top_middle","size":["100%","100%"]}},{"rounded_box@cubecraft_common.rounded_box_dark":{"alpha":0.4,"anchor_from":"top_middle","anchor_to":"top_middle","offset":[1,0],"size":["100% + 5px","100% - 1px"]}}],"size":["100% - 2px","100%"],"type":"panel"}}],"orientation":"horizontal","size":["100% - 8px","100%"],"type":"stack_panel"},"long_form_dynamic_buttons_panel":{"anchor_from":"top_middle","anchor_to":"top_middle","bindings":[{"binding_condition":"once","binding_name":"#form_button_length","binding_name_override":"#collection_length"}],"collection_name":"form_buttons","factory":{"control_name":"cubecraft_long_form.dynamic_button","name":"buttons"},"orientation":"vertical","size":["100% - 6px","100%c"],"type":"stack_panel"},"long_form_scrolling_content":{"anchor_from":"top_left","anchor_to":"top_left","controls":[{"padding_0":{"size":["100%",2],"type":"panel"}},{"content_text_panel@cubecraft_common.rounded_textbox_blue":{"$content_text":"#form_text","bindings":[{"binding_type":"view","source_property_name":"(not (#form_text = ''))","target_property_name":"#visible"}],"size":["100%","100%cm + 4px"],"type":"panel"}},{"padding_1":{"size":["100%",2],"type":"panel"}},{"wrapping_panel":{"controls":[{"long_form_dynamic_buttons_panel@cubecraft_long_form.long_form_dynamic_buttons_panel":{}}],"size":["100%","100%c"],"type":"panel"}},{"padding_2":{"size":["100%",2],"type":"panel"}}],"orientation":"vertical","size":["100% - 4px","100%c"],"type":"stack_panel"},"namespace":"cubecraft_long_form"}