{"brand_blue_scroll_bar":{"$scroll_track_anchor|default":"center","$scroll_track_offset|default":[0,0],"anchor_from":"$scroll_track_anchor","anchor_to":"$scroll_track_anchor","controls":[{"track@common.scrollbar_track":{"anchor_from":"center","anchor_to":"center","layer":2}},{"scroll_handle@cubecraft_scroll.brand_blue_scroll_handle":{"anchor_from":"center","anchor_to":"center","layer":5}}],"offset":"$scroll_track_offset","size":"$scroll_size","type":"panel"},"brand_blue_scroll_bar_and_track@common.scroll_bar_and_track":{"controls":[{"stack_panel":{"anchor_from":"center","anchor_to":"center","controls":[{"empty_panel_0@common.empty_panel":{"ignored":"$scroll_bar_contained","size":"$scroll_bar_left_padding_size"}},{"panel@cubecraft_scroll.brand_blue_scroll_bar":{}},{"empty_panel_1@common.empty_panel":{"size":"$scroll_bar_right_padding_size"}}],"orientation":"horizontal","size":["default","100%"],"type":"stack_panel"}}]},"brand_blue_scroll_handle":{"controls":[{"box":{"$scroll_box_mouse_image_control|default":"cubecraft_scroll.scrollbar_handle_image","$scroll_box_touch_image_control|default":"cubecraft_scroll.scrollbar_handle_image","anchor_from":"top_left","anchor_to":"top_left","button_mappings":[{"button_up_right_of_first_refusal":true,"from_button_id":"button.menu_select","mapping_type":"pressed","to_button_id":"button.menu_select"}],"contained":true,"controls":[{"mouse_box@$scroll_box_mouse_image_control":{}}],"draggable":"vertical","layer":1,"type":"scrollbar_box","visible":"$scroll_box_visible"}}],"type":"panel"},"brand_blue_scroll_view_control@common.scroll_view_control":{"$scroll_background_image_control|default":"cubecraft_scroll.scrollbar_rail_image","$scroll_bar_contained|default":false,"$scroll_track_image_control|default":"cubecraft_scroll.scrollbar_rail_image","controls":[{"stack_panel":{"$scroll_bar_side|default":"right","$scroll_view_stack_panel_size|default":["100%","100%"],"controls":[{"bar_and_track_wrapper_left":{"controls":[{"bar_and_track@cubecraft_scroll.brand_blue_scroll_bar_and_track":{"ignored":"(not ($scroll_bar_side = 'left'))"}}],"ignored":"(not ($scroll_bar_side = 'left'))","size":[14,"100%"],"type":"panel"}},{"background_and_viewport@common.scroll_background_and_viewport":{}},{"bar_and_track_wrapper_right":{"controls":[{"bar_and_track@cubecraft_scroll.brand_blue_scroll_bar_and_track":{"ignored":"(not ($scroll_bar_side = 'right'))"}}],"ignored":"(not ($scroll_bar_side = 'right'))","size":[14,"100%"],"type":"panel"}}],"orientation":"horizontal","size":"$scroll_view_stack_panel_size","type":"stack_panel"}}]},"namespace":"cubecraft_scroll","scrollbar_handle_image":{"layer":4,"size":[6,"100%"],"texture":"textures/ui/brand_blue_scrollhandle","type":"image"},"scrollbar_rail_image":{"layer":1,"size":[5,"100%"],"texture":"textures/ui/brand_blue_scrollrail","type":"image"},"scrolling_panel@common.scrolling_panel":{"controls":[{"scroll_touch@cubecraft_scroll.scrollpanel_base":{"$use_touch_mode":true,"ignored":"(not $touch)","offset":"$scrolling_pane_offset","size":"$scrolling_pane_size"}},{"scroll_mouse@cubecraft_scroll.scrollpanel_base":{"ignored":"$touch","offset":"$scrolling_pane_offset","size":"$scrolling_pane_size"}}]},"scrollpanel_base@common.scrolling_panel":{"controls":[{"$scroll_view_name@cubecraft_scroll.brand_blue_scroll_view_control":{}}]}}