{"blue_button":{"$button_binding_condition|default":"none","$button_font_scale_factor|default":1.0,"$button_font_size|default":"normal","$button_hover_layer|default":2,"$button_layer|default":1,"$button_offset|default":[0,0],"$button_state_panel|default":"cubecraft_buttons.blue_state_panel","$button_text_binding_type|default":"collection","$button_text_grid_collection_name|default":"form_buttons","$button_text|default":"","$button_to_show|default":"","$default_button_size|default":["100% + 6px","100% + 6px"],"$default_button_texture|default":"textures/ui/button_blue_default","$default_focus_precedence|default":1,"$default_state|default":false,"$featured_button_texture|default":"textures/ui/button_gold","$featured_hover_button_texture|default":"textures/ui/button_gold_hover","$focus_enabled|default":true,"$focus_id|default":"form_button_other","$focus_magnet_enabled|default":true,"$hover_button_size|default":["100% + 8px","100% + 8px"],"$hover_button_texture|default":"textures/ui/button_blue_default_hover","$hover_state|default":false,"$hover_text_forced|default":false,"$hover_text_optional|default":false,"$selected_button_texture|default":"textures/ui/button_white","$selected_hover_button_texture|default":"textures/ui/button_white_hover","bindings":[{"binding_collection_name":"form_buttons","binding_type":"collection_details"}],"button_mappings":[{"from_button_id":"button.menu_select","mapping_type":"pressed","to_button_id":"$pressed_button_name"},{"from_button_id":"button.menu_ok","mapping_type":"focused","to_button_id":"$pressed_button_name"}],"controls":[{"default@$button_state_panel":{"$default_state":true,"$ui_button_texture":"$default_button_texture","$ui_featured_button_texture":"$featured_button_texture","$ui_selected_button_texture":"$selected_button_texture","layer":5,"size":"$default_button_size"}},{"hover@$button_state_panel":{"$hover_state":true,"$ui_button_texture":"$hover_button_texture","$ui_featured_button_texture":"$featured_hover_button_texture","$ui_selected_button_texture":"$selected_hover_button_texture","layer":6,"size":"$hover_button_size"}},{"pressed@cubecraft_buttons.default_button_border":{"$ui_button_texture":"$hover_button_texture","size":"$hover_button_size"}},{"text@cubecraft_buttons.cubecraft_label_panel":{"$button_text_size":["100% - 8px","default"],"$text_color":[1,1,1],"bindings":[{"binding_collection_name":"form_buttons","binding_condition":"once","binding_name":"((#form_button_text - '§s§r') = #form_button_text)","binding_name_override":"#visible","binding_type":"collection"}],"ignored":"$hover_text_forced","layer":10,"size":["100% + 3px","100% + 6px"]}}],"default_control":"default","default_focus_precedence":"$default_focus_precedence","focus_enabled":"$focus_enabled","focus_identifier":"$focus_id","focus_magnet_enabled":"$focus_magnet_enabled","hover_control":"hover","layer":"$button_layer","locked_control":"default","pressed_control":"pressed","size":"$default_button_size","sound_name":"random.click","sound_pitch":1.0,"sound_volume":1.0,"type":"button"},"blue_state_panel":{"$button_border|default":"cubecraft_buttons.default_button_border","$use_selective_button_border|default":false,"controls":[{"button_border@$button_border":{}},{"hover_text@cubecraft_buttons.hover_text":{"ignored":"(not $hover_state or (not $hover_text_optional and not $hover_text_forced))"}}],"layer":1,"type":"panel","variables":{"$button_border":"cubecraft_buttons.selective_button_border_panel","requires":"$use_selective_button_border"}},"cubecraft_label_panel":{"controls":[{"main_text@cubecraft_buttons.mineten_button_label":{}},{"gradient_backdrop":{"$gradient_offset|default":[0,-2],"$gradient_size_default|default":["100% - 2px","100%sm + 24px"],"$gradient_size_hover|default":["100% - 3px","100%sm + 12px"],"$new_gradient_size":"$gradient_size_default","anchor_from":"bottom_middle","anchor_to":"bottom_middle","keep_ratio":false,"layer":-5,"offset":"$gradient_offset","size":"$new_gradient_size","texture":"textures/ui/dark_blue_gradient","type":"image","variables":{"$new_gradient_size":"$gradient_size_hover","requires":"$hover_state"}}}],"type":"panel"},"default_button_border":{"$button_offset|default":[0,0],"layer":1,"offset":"$button_offset","size":["100% - 2px","100% - 2px"],"texture":"$ui_button_texture","type":"image"},"hover_text@common.hover_text":{"bindings":[{"binding_collection_name":"$button_text_grid_collection_name","binding_condition":"$button_binding_condition","binding_name":"$button_text","binding_name_override":"$button_text","binding_type":"$button_text_binding_type"},{"binding_type":"view","source_property_name":"($button_text - $button_to_show)","target_property_name":"#hover_text"},{"binding_collection_name":"form_buttons","binding_condition":"once","binding_name":"(not ((#form_button_text - '§s§r') = #form_button_text))","binding_name_override":"#visible","binding_type":"collection","ignored":"($hover_text_forced or (not $hover_text_optional))"}],"layer":100},"light_text_button":{"$button_binding_condition":"none","$button_offset|default":[0,0],"$content_alpha|default":1,"$image_anchor|default":"center","button_mappings":[{"from_button_id":"button.menu_select","mapping_type":"pressed","to_button_id":"$pressed_button_name"},{"from_button_id":"button.menu_ok","mapping_type":"focused","to_button_id":"$pressed_button_name"}],"controls":[{"default@common_buttons.button_image":{"$new_ui_button_texture":"textures/ui/button_filled_white","anchor_from":"$image_anchor","anchor_to":"$image_anchor","layer":1,"size":["100% - 2px","100% - 2px"]}},{"hover@common_buttons.button_image":{"$new_ui_button_texture":"textures/ui/button_filled_white_hover","anchor_from":"$image_anchor","anchor_to":"$image_anchor","layer":4}},{"pressed@common_buttons.button_image":{"$new_ui_button_texture":"textures/ui/button_filled_white_hover","anchor_from":"$image_anchor","anchor_to":"$image_anchor","layer":4}},{"text@common_buttons.new_ui_binding_button_label":{"$button_text_size":["100% - 2px","default"],"$text_color":[1,1,1],"layer":10}}],"default_control":"default","focus_enabled":true,"focus_magnet_enabled":true,"focus_wrap_enabled":true,"hover_control":"hover","locked_control":"default","pressed_control":"pressed","sound_name":"random.click","type":"button"},"mineten_button_label":{"$adjusted_ui_label_offset|default":[0,0],"$anchor|default":"bottom_left","$button_font_scale_factor|default":1.0,"$button_font_size|default":"normal","$button_text_size|default":["default","default"],"$font_type|default":"default","$new_ui_label_offset_extra_large|default":["9px","-12px"],"$new_ui_label_offset_large|default":["7px","-10px"],"$new_ui_label_offset|default":["6px","-10px"],"$text_alignment|default":"left","anchor_from":"$anchor","anchor_to":"$anchor","bindings":[{"binding_collection_name":"$button_text_grid_collection_name","binding_condition":"$button_binding_condition","binding_name":"$button_text","binding_name_override":"$button_text","binding_type":"$button_text_binding_type"},{"binding_type":"view","source_property_name":"($button_text - $button_to_show)","target_property_name":"#modified_text"}],"color":"$text_color","font_scale_factor":"$button_font_scale_factor","font_size":"$button_font_size","font_type":"MinecraftTen","layer":30,"line_padding":-2,"offset":"$adjusted_ui_label_offset","shadow":true,"size":"$button_text_size","text":"#modified_text","text_alignment":"$text_alignment","type":"label","variables":[{"$adjusted_ui_label_offset":"$new_ui_label_offset","requires":"($button_font_size = 'normal')"},{"$adjusted_ui_label_offset":"$new_ui_label_offset_large","requires":"($button_font_size = 'large')"},{"$adjusted_ui_label_offset":"$new_ui_label_offset_extra_large","requires":"($button_font_size = 'extra_large')"}]},"namespace":"cubecraft_buttons","selective_button_border@cubecraft_buttons.default_button_border":{"bindings":[{"binding_collection_name":"form_buttons","binding_condition":"once","binding_name":"$selective_button_binding_name","binding_name_override":"#visible","binding_type":"collection"}]},"selective_button_border_panel":{"controls":[{"blue_border@cubecraft_buttons.selective_button_border":{"$selective_button_binding_name":"(((#form_button_text-'§g§r') = #form_button_text) and ((#form_button_text-'§w§r') = #form_button_text))","texture":"$ui_button_texture"}},{"selected_border@cubecraft_buttons.selective_button_border":{"$selective_button_binding_name":"(((#form_button_text-'§g§r')=#form_button_text) and not ((#form_button_text-'§w§r') = #form_button_text))","texture":"$ui_selected_button_texture"}},{"featured_border@cubecraft_buttons.selective_button_border":{"$selective_button_binding_name":"(not ((#form_button_text-'§g§r') = #form_button_text) and ((#form_button_text-'§w§r') = #form_button_text))","controls":[{"sheen@cubecraft_buttons.sheen_image":{}}],"texture":"$ui_featured_button_texture"}}],"type":"panel"},"sheen_image":{"keep_ratio":false,"layer":-2,"size":["100% - 2px","100% - 2px"],"texture":"textures/ui/image_brand_sheen","tiled":true,"tiled_scale":[6,6],"type":"image","uv":"@cubecraft_buttons.sheen_uv_anim","uv_size":[32,32]},"sheen_uv_anim":{"anim_type":"uv","duration":1.8,"easing":"in_out_quart","from":[-2,-2],"to":[34,34]}}